bill_id,created_date_time,sku_code,quantity,price,discount,type,mode
700000,2023-01-01,KB20_X,2,378511,0,2,6
700001,2023-01-01,KS05_T,1,452062,30000,2,5
700002,2023-01-01,KM11_Y,1,450128,30000,1,2
700003,2023-01-01,KM11_Y,5,564713,0,1,5
700004,2023-01-01,KN17_D,1,380348,0,2,2
700005,2023-01-01,KA14_H,1,350368,0,1,6
700006,2023-01-02,KA14_H,1,477152,0,1,5
700007,2023-01-02,KB20_X,5,442377,30000,1,2
700008,2023-01-02,KB20_X,5,457293,30000,2,6
700009,2023-01-02,KM11_Y,4,486606,30000,1,6
700010,2023-01-02,KB20_X,4,461695,0,2,2
700011,2023-01-02,KN17_D,1,353641,0,2,6
700012,2023-01-02,KB20_X,3,420198,0,2,5
700013,2023-01-03,KS05_T,1,428177,0,1,6
700014,2023-01-03,KB20_X,1,467399,30000,1,5
700015,2023-01-03,KM11_Y,5,424353,30000,2,6
700016,2023-01-03,KS05_T,4,527833,30000,1,2
700017,2023-01-03,KN17_D,1,564348,0,1,2
700018,2023-01-04,KA14_H,3,541285,0,1,6
700019,2023-01-04,KS05_T,3,407442,0,1,6
700020,2023-01-04,KN17_D,5,589270,0,1,5
700021,2023-01-04,KS05_T,4,516490,0,2,2
700022,2023-01-04,KA14_H,4,508957,30000,1,6
700023,2023-01-04,KB20_X,2,373932,0,2,6
700024,2023-01-04,KM11_Y,2,388931,30000,1,6
700025,2023-01-04,KM11_Y,5,420248,30000,2,6
700026,2023-01-05,KB20_X,4,370982,0,1,2
700027,2023-01-05,KA14_H,4,462223,0,1,5
700028,2023-01-05,KA14_H,4,378074,30000,1,5
700029,2023-01-05,KS05_T,5,587777,30000,2,2
700030,2023-01-05,KA14_H,4,408453,0,1,5
700031,2023-01-05,KS05_T,4,490788,30000,2,6
700032,2023-01-05,KB20_X,5,401990,0,2,6
700033,2023-01-06,KN17_D,4,418274,30000,1,2
700034,2023-01-06,KA14_H,2,365690,30000,2,2
700035,2023-01-06,KN17_D,4,486225,30000,1,5
700036,2023-01-06,KS05_T,1,492012,0,1,5
700037,2023-01-06,KB20_X,2,455584,30000,2,5
700038,2023-01-06,KS05_T,3,529593,0,2,5
700039,2023-01-06,KM11_Y,4,528394,0,2,6
700040,2023-01-06,KS05_T,4,548334,0,2,5
700041,2023-01-07,KN17_D,1,477677,0,2,2
700042,2023-01-07,KS05_T,4,529412,30000,1,6
700043,2023-01-07,KA14_H,5,422178,30000,1,6
700044,2023-01-07,KA14_H,4,363231,0,1,2
700045,2023-01-07,KS05_T,4,359964,30000,1,5
700046,2023-01-07,KS05_T,1,427475,0,1,6
700047,2023-01-08,KA14_H,1,377228,30000,1,2
700048,2023-01-08,KA14_H,3,418936,30000,1,6
700049,2023-01-08,KB20_X,4,549899,0,1,6
700050,2023-01-08,KN17_D,2,401428,0,2,2
700051,2023-01-09,KA14_H,3,591310,0,2,5
700052,2023-01-09,KM11_Y,2,375958,0,1,6
700053,2023-01-09,KA14_H,4,376442,0,2,2
700054,2023-01-09,KM11_Y,5,460160,0,2,6
700055,2023-01-09,KM11_Y,5,586481,0,2,6
700056,2023-01-09,KM11_Y,2,494966,0,1,6
700057,2023-01-09,KN17_D,5,365210,0,2,6
700058,2023-01-10,KA14_H,1,583272,0,1,5
700059,2023-01-10,KS05_T,1,402960,0,1,6
700060,2023-01-10,KA14_H,2,563083,0,1,2
700061,2023-01-10,KM11_Y,5,444547,0,2,6
700062,2023-01-10,KA14_H,1,356861,0,1,2
700063,2023-01-10,KM11_Y,4,504596,30000,1,2
700064,2023-01-10,KM11_Y,1,538929,0,2,2
700065,2023-01-11,KB20_X,4,568772,0,2,2
700066,2023-01-11,KS05_T,2,513766,0,2,2
700067,2023-01-11,KB20_X,1,514909,30000,2,2
700068,2023-01-11,KB20_X,3,591112,0,1,5
700069,2023-01-11,KB20_X,2,460545,30000,2,2
700070,2023-01-11,KN17_D,5,414800,0,2,2
700071,2023-01-11,KN17_D,1,523439,30000,2,6
700072,2023-01-12,KS05_T,3,511327,0,2,2
700073,2023-01-12,KN17_D,1,369239,0,1,2
700074,2023-01-12,KB20_X,3,583144,0,2,5
700075,2023-01-12,KA14_H,3,567979,30000,2,6
700076,2023-01-12,KN17_D,2,507944,0,1,5
700077,2023-01-12,KS05_T,2,518981,0,2,2
700078,2023-01-13,KA14_H,3,513543,30000,2,2
700079,2023-01-13,KN17_D,2,435184,30000,2,5
700080,2023-01-13,KB20_X,3,413755,30000,2,6
700081,2023-01-13,KN17_D,4,482659,0,1,2
700082,2023-01-13,KA14_H,1,485481,30000,2,2
700083,2023-01-13,KM11_Y,1,493113,30000,2,5
700084,2023-01-13,KN17_D,3,475342,30000,1,6
700085,2023-01-13,KN17_D,5,510371,30000,2,5
700086,2023-01-14,KA14_H,2,470902,0,2,5
700087,2023-01-14,KB20_X,1,555399,30000,2,5
700088,2023-01-14,KN17_D,2,598646,30000,2,5
700089,2023-01-14,KM11_Y,3,457584,30000,2,2
700090,2023-01-15,KA14_H,5,578499,0,1,2
700091,2023-01-15,KB20_X,4,596549,30000,2,2
700092,2023-01-15,KS05_T,4,394484,0,2,6
700093,2023-01-15,KM11_Y,5,467399,30000,2,5
700094,2023-01-15,KS05_T,1,463226,0,1,6
700095,2023-01-15,KM11_Y,5,486016,30000,2,6
700096,2023-01-16,KB20_X,5,467674,0,2,5
700097,2023-01-16,KN17_D,2,381629,30000,1,5
700098,2023-01-16,KA14_H,2,591010,0,2,2
700099,2023-01-16,KA14_H,2,451505,0,2,6
700100,2023-01-16,KB20_X,3,492728,30000,2,5
700101,2023-01-17,KS05_T,1,411779,0,1,2
700102,2023-01-17,KB20_X,1,448408,30000,2,5
700103,2023-01-17,KB20_X,2,497754,0,1,5
700104,2023-01-17,KN17_D,5,580159,0,1,2
700105,2023-01-18,KM11_Y,5,588928,30000,2,5
700106,2023-01-18,KM11_Y,5,594384,30000,2,6
700107,2023-01-18,KB20_X,4,482177,0,1,5
700108,2023-01-18,KB20_X,5,582067,0,1,2
700109,2023-01-18,KA14_H,5,464682,30000,2,2
700110,2023-01-18,KA14_H,3,596984,30000,1,2
700111,2023-01-19,KA14_H,1,365401,0,1,6
700112,2023-01-19,KN17_D,1,421492,0,2,5
700113,2023-01-19,KS05_T,4,533258,0,2,6
700114,2023-01-19,KA14_H,1,532331,0,1,2
700115,2023-01-19,KN17_D,4,354677,0,1,5
700116,2023-01-19,KS05_T,5,531689,30000,2,2
700117,2023-01-19,KA14_H,4,554335,0,2,5
700118,2023-01-19,KB20_X,3,462743,30000,2,2
700119,2023-01-20,KA14_H,2,596889,0,2,2
700120,2023-01-20,KM11_Y,1,376382,30000,2,2
700121,2023-01-20,KB20_X,2,431238,0,2,5
700122,2023-01-20,KS05_T,2,412182,0,2,5
700123,2023-01-20,KB20_X,1,542844,0,1,6
700124,2023-01-20,KS05_T,4,360974,0,2,2
700125,2023-01-20,KN17_D,1,447648,30000,1,5
700126,2023-01-20,KN17_D,4,474713,30000,1,2
700127,2023-01-21,KS05_T,1,559417,30000,1,2
700128,2023-01-21,KN17_D,2,385524,30000,2,6
700129,2023-01-21,KS05_T,3,402243,30000,1,5
700130,2023-01-21,KM11_Y,1,484275,30000,2,5
700131,2023-01-21,KS05_T,3,380984,30000,1,5
700132,2023-01-21,KA14_H,3,462201,30000,2,5
700133,2023-01-22,KA14_H,2,441679,30000,2,2
700134,2023-01-22,KM11_Y,2,437948,0,1,5
700135,2023-01-22,KM11_Y,2,475074,0,2,6
700136,2023-01-22,KN17_D,5,440410,30000,2,2
700137,2023-01-22,KA14_H,1,446433,30000,2,5
700138,2023-01-23,KS05_T,3,558542,30000,1,2
700139,2023-01-23,KM11_Y,4,405897,0,2,6
700140,2023-01-23,KS05_T,3,524588,0,1,5
700141,2023-01-23,KM11_Y,3,370431,30000,1,6
700142,2023-01-23,KA14_H,1,362818,0,2,5
700143,2023-01-23,KS05_T,4,433990,0,1,2
700144,2023-01-23,KA14_H,2,384959,0,2,2
700145,2023-01-23,KN17_D,1,473852,0,1,5
700146,2023-01-23,KA14_H,3,551000,30000,2,5
700147,2023-01-24,KA14_H,4,372948,0,1,2
700148,2023-01-24,KA14_H,4,491154,30000,2,6
700149,2023-01-24,KN17_D,4,365916,0,2,6
700150,2023-01-24,KA14_H,3,398380,0,1,2
700151,2023-01-24,KA14_H,4,446494,30000,2,2
700152,2023-01-24,KA14_H,2,460777,30000,2,5
700153,2023-01-24,KS05_T,5,554818,30000,2,6
700154,2023-01-24,KN17_D,3,400411,0,2,2
700155,2023-01-24,KB20_X,1,421309,0,1,5
700156,2023-01-25,KM11_Y,4,390612,30000,1,6
700157,2023-01-25,KM11_Y,3,588515,30000,2,6
700158,2023-01-25,KB20_X,4,592223,30000,1,2
700159,2023-01-25,KB20_X,4,520491,30000,1,2
700160,2023-01-25,KM11_Y,1,501043,30000,1,2
700161,2023-01-25,KA14_H,2,411260,0,2,5
700162,2023-01-25,KN17_D,3,406176,0,1,5
700163,2023-01-25,KB20_X,5,516465,30000,2,5
700164,2023-01-25,KM11_Y,2,462328,0,2,2
700165,2023-01-26,KS05_T,1,491463,30000,2,2
700166,2023-01-26,KN17_D,2,459264,30000,1,6
700167,2023-01-26,KM11_Y,4,477571,30000,2,6
700168,2023-01-26,KM11_Y,1,581486,30000,1,2
700169,2023-01-26,KN17_D,1,499277,0,2,6
700170,2023-01-26,KA14_H,4,425542,30000,2,2
700171,2023-01-26,KM11_Y,4,383513,30000,2,5
700172,2023-01-27,KS05_T,4,400762,0,1,5
700173,2023-01-27,KS05_T,4,362213,30000,1,6
700174,2023-01-27,KA14_H,4,579408,30000,1,5
700175,2023-01-27,KS05_T,2,529000,0,1,6
700176,2023-01-27,KM11_Y,1,449847,30000,2,2
700177,2023-01-27,KB20_X,5,568894,0,2,6
700178,2023-01-27,KB20_X,2,397598,0,2,6
700179,2023-01-27,KA14_H,1,519446,0,1,6
700180,2023-01-27,KS05_T,3,479994,0,1,6
700181,2023-01-28,KS05_T,5,518206,0,1,2
700182,2023-01-28,KB20_X,4,380628,0,1,5
700183,2023-01-28,KS05_T,2,582065,0,1,6
700184,2023-01-28,KM11_Y,1,415548,30000,1,6
700185,2023-01-28,KB20_X,1,484693,30000,1,5
700186,2023-01-28,KN17_D,1,416188,30000,1,2
700187,2023-01-29,KB20_X,4,534983,30000,1,2
700188,2023-01-29,KA14_H,4,452547,30000,1,2
700189,2023-01-29,KB20_X,3,478701,30000,2,2
700190,2023-01-29,KB20_X,1,505915,0,1,6
700191,2023-01-29,KS05_T,2,482797,0,1,6
700192,2023-01-29,KB20_X,1,556080,0,1,6
700193,2023-01-30,KM11_Y,1,505794,0,1,5
700194,2023-01-30,KA14_H,1,548017,30000,2,2
700195,2023-01-30,KA14_H,2,496776,30000,1,5
700196,2023-01-30,KB20_X,5,492487,0,1,6
700197,2023-01-30,KN17_D,2,542385,0,2,6
700198,2023-01-30,KS05_T,4,509254,30000,2,6
700199,2023-01-30,KM11_Y,2,372620,0,2,6
700200,2023-01-30,KS05_T,1,557193,0,1,6
700201,2023-01-31,KM11_Y,4,394225,30000,1,2
700202,2023-01-31,KN17_D,3,528901,0,2,2
700203,2023-01-31,KN17_D,4,575864,30000,2,2
700204,2023-01-31,KS05_T,4,480697,0,1,5
700205,2023-01-31,KM11_Y,2,586974,30000,1,2
700206,2023-01-31,KB20_X,5,367357,30000,1,5
700207,2023-01-31,KB20_X,2,513944,30000,2,2
700208,2023-02-01,KM11_Y,3,437793,0,1,2
700209,2023-02-01,KB20_X,5,361319,30000,2,6
700210,2023-02-01,KS05_T,2,446636,30000,1,6
700211,2023-02-01,KM11_Y,5,549847,30000,2,6
700212,2023-02-01,KA14_H,2,351245,0,2,5
700213,2023-02-01,KS05_T,1,537965,30000,1,5
700214,2023-02-01,KA14_H,2,560503,30000,2,6
700215,2023-02-02,KA14_H,3,495720,0,1,6
700216,2023-02-02,KS05_T,5,436713,0,1,2
700217,2023-02-02,KM11_Y,4,419409,30000,1,6
700218,2023-02-02,KM11_Y,5,415888,30000,2,6
700219,2023-02-02,KS05_T,4,453134,0,2,5
700220,2023-02-02,KN17_D,3,485549,0,2,2
700221,2023-02-02,KM11_Y,4,481937,30000,2,5
700222,2023-02-02,KB20_X,5,492326,0,1,6
700223,2023-02-02,KM11_Y,3,355829,30000,2,5
700224,2023-02-03,KM11_Y,3,572283,0,1,2
700225,2023-02-03,KN17_D,2,422914,30000,2,2
700226,2023-02-03,KB20_X,2,428315,30000,2,2
700227,2023-02-03,KS05_T,4,414555,0,1,6
700228,2023-02-03,KM11_Y,4,401529,0,1,6
700229,2023-02-03,KA14_H,1,500616,0,2,5
700230,2023-02-03,KN17_D,3,418184,30000,2,2
700231,2023-02-03,KM11_Y,3,402726,30000,1,2
700232,2023-02-04,KA14_H,3,411358,30000,1,5
700233,2023-02-04,KS05_T,1,408706,30000,1,6
700234,2023-02-04,KN17_D,4,548393,0,2,5
700235,2023-02-04,KS05_T,5,432215,30000,2,2
700236,2023-02-04,KB20_X,3,403450,0,1,2
700237,2023-02-04,KB20_X,3,566110,0,1,5
700238,2023-02-05,KN17_D,4,481436,30000,2,2
700239,2023-02-05,KS05_T,2,489011,0,2,5
700240,2023-02-05,KN17_D,1,396940,0,2,5
700241,2023-02-05,KS05_T,3,577870,30000,2,2
700242,2023-02-05,KN17_D,2,429064,0,2,5
700243,2023-02-05,KB20_X,2,509511,0,1,5
700244,2023-02-05,KN17_D,2,596848,30000,2,2
700245,2023-02-05,KS05_T,1,430618,30000,2,5
700246,2023-02-06,KA14_H,3,482669,0,2,6
700247,2023-02-06,KA14_H,5,444348,0,1,6
700248,2023-02-06,KS05_T,5,572933,30000,1,5
700249,2023-02-06,KM11_Y,3,375457,30000,2,6
700250,2023-02-06,KA14_H,5,583913,30000,2,5
700251,2023-02-06,KA14_H,2,387361,0,2,2
700252,2023-02-07,KM11_Y,1,538992,0,1,5
700253,2023-02-07,KS05_T,2,391420,0,2,2
700254,2023-02-07,KM11_Y,1,529357,0,1,2
700255,2023-02-07,KS05_T,4,446324,30000,2,5
700256,2023-02-07,KS05_T,1,541256,0,2,5
700257,2023-02-07,KA14_H,3,401248,0,2,6
700258,2023-02-07,KM11_Y,2,535345,0,2,2
700259,2023-02-08,KB20_X,5,591424,0,2,5
700260,2023-02-08,KN17_D,3,454504,30000,2,2
700261,2023-02-08,KA14_H,5,382813,30000,1,2
700262,2023-02-08,KN17_D,4,555591,0,2,5
700263,2023-02-08,KA14_H,1,583559,30000,1,5
700264,2023-02-08,KB20_X,1,478381,0,2,2
700265,2023-02-08,KN17_D,3,493573,30000,1,5
700266,2023-02-09,KB20_X,1,481066,0,1,2
700267,2023-02-09,KM11_Y,5,560377,30000,1,6
700268,2023-02-09,KB20_X,1,554446,0,2,5
700269,2023-02-09,KS05_T,5,398458,30000,1,2
700270,2023-02-09,KM11_Y,3,563871,0,1,2
700271,2023-02-09,KS05_T,3,428467,30000,2,2
700272,2023-02-10,KS05_T,4,419778,30000,1,2
700273,2023-02-10,KA14_H,2,380782,30000,2,2
700274,2023-02-10,KB20_X,4,394458,0,2,2
700275,2023-02-10,KM11_Y,5,576952,0,1,2
700276,2023-02-10,KN17_D,2,475291,30000,1,5
700277,2023-02-11,KM11_Y,1,458880,0,2,6
700278,2023-02-11,KB20_X,5,367682,0,1,6
700279,2023-02-11,KM11_Y,2,483692,0,2,5
700280,2023-02-11,KA14_H,3,560462,0,2,6
700281,2023-02-11,KS05_T,5,362975,30000,2,6
700282,2023-02-12,KB20_X,5,450970,30000,1,2
700283,2023-02-12,KN17_D,2,565173,0,1,2
700284,2023-02-12,KA14_H,1,360846,30000,1,5
700285,2023-02-12,KM11_Y,3,424723,0,2,6
700286,2023-02-12,KA14_H,1,391616,0,2,6
700287,2023-02-12,KM11_Y,4,442416,0,1,2
700288,2023-02-12,KB20_X,2,359386,30000,1,2
700289,2023-02-12,KS05_T,4,481743,30000,2,6
700290,2023-02-12,KM11_Y,4,593193,30000,1,6
700291,2023-02-13,KB20_X,1,504219,0,2,6
700292,2023-02-13,KA14_H,2,352176,0,2,2
700293,2023-02-13,KA14_H,3,508187,0,1,6
700294,2023-02-13,KM11_Y,3,589900,0,1,2
700295,2023-02-13,KM11_Y,2,360073,30000,1,5
700296,2023-02-13,KA14_H,3,401616,30000,2,6
700297,2023-02-13,KM11_Y,1,520646,30000,1,2
700298,2023-02-13,KN17_D,5,492617,0,2,6
700299,2023-02-14,KN17_D,1,598348,0,1,6
700300,2023-02-14,KS05_T,4,557932,30000,1,5
700301,2023-02-14,KS05_T,1,595688,0,2,2
700302,2023-02-14,KM11_Y,1,425147,0,1,5
700303,2023-02-14,KS05_T,1,492108,0,2,6
700304,2023-02-14,KS05_T,1,504316,30000,2,5
700305,2023-02-14,KS05_T,5,449714,0,2,5
700306,2023-02-14,KS05_T,4,370946,0,1,2
700307,2023-02-14,KS05_T,2,520231,0,2,6
700308,2023-02-15,KB20_X,5,589292,0,2,5
700309,2023-02-15,KM11_Y,1,508660,0,2,2
700310,2023-02-15,KB20_X,4,383697,0,1,2
700311,2023-02-15,KM11_Y,2,436649,30000,1,6
700312,2023-02-15,KA14_H,1,473168,30000,2,2
700313,2023-02-15,KM11_Y,2,486278,30000,2,6
700314,2023-02-15,KB20_X,2,411451,0,2,2
700315,2023-02-15,KN17_D,4,474121,0,2,6
700316,2023-02-16,KM11_Y,3,375825,0,2,2
700317,2023-02-16,KM11_Y,2,563702,30000,1,2
700318,2023-02-16,KN17_D,1,496222,30000,1,2
700319,2023-02-16,KM11_Y,4,441207,30000,1,2
700320,2023-02-16,KS05_T,1,432912,30000,1,5
700321,2023-02-17,KA14_H,1,438553,0,2,2
700322,2023-02-17,KB20_X,1,446741,30000,2,6
700323,2023-02-17,KN17_D,2,576457,30000,2,2
700324,2023-02-17,KM11_Y,5,547240,0,1,2
700325,2023-02-17,KB20_X,2,360207,30000,2,6
700326,2023-02-17,KM11_Y,1,383822,0,1,6
700327,2023-02-17,KS05_T,4,516229,30000,1,5
700328,2023-02-18,KA14_H,4,553226,30000,1,6
700329,2023-02-18,KN17_D,4,432016,30000,1,2
700330,2023-02-18,KS05_T,1,530680,0,1,2
700331,2023-02-18,KM11_Y,2,527788,0,1,2
700332,2023-02-19,KS05_T,5,406911,30000,1,5
700333,2023-02-19,KS05_T,3,400613,0,2,6
700334,2023-02-19,KA14_H,1,557353,0,1,6
700335,2023-02-19,KA14_H,2,471716,0,1,6
700336,2023-02-19,KA14_H,5,465640,0,2,6
700337,2023-02-19,KS05_T,3,549092,0,2,2
700338,2023-02-19,KN17_D,4,586060,30000,2,2
700339,2023-02-20,KN17_D,1,508988,30000,2,2
700340,2023-02-20,KB20_X,1,456242,0,1,2
700341,2023-02-20,KA14_H,4,370968,30000,2,2
700342,2023-02-20,KN17_D,4,599004,0,2,5
700343,2023-02-20,KN17_D,5,581053,0,1,6
700344,2023-02-20,KA14_H,5,453356,0,1,5
700345,2023-02-20,KA14_H,1,544380,30000,1,5
700346,2023-02-20,KM11_Y,5,545157,30000,1,6
700347,2023-02-21,KB20_X,1,390136,30000,2,5
700348,2023-02-21,KM11_Y,3,364677,0,1,6
700349,2023-02-21,KS05_T,1,493115,30000,1,2
700350,2023-02-21,KM11_Y,1,372394,30000,1,6
700351,2023-02-21,KM11_Y,5,578432,30000,1,5
700352,2023-02-21,KS05_T,3,525311,0,2,5
700353,2023-02-21,KM11_Y,5,598908,30000,1,6
700354,2023-02-21,KN17_D,2,572071,30000,2,5
700355,2023-02-21,KS05_T,5,449588,0,1,6
700356,2023-02-22,KN17_D,4,499666,0,2,6
700357,2023-02-22,KM11_Y,2,488570,0,1,5
700358,2023-02-22,KS05_T,5,481401,30000,1,6
700359,2023-02-22,KN17_D,3,471123,0,1,2
700360,2023-02-22,KS05_T,3,354722,0,2,2
700361,2023-02-22,KB20_X,5,522704,0,1,5
700362,2023-02-23,KB20_X,4,376962,0,2,5
700363,2023-02-23,KN17_D,1,523108,0,2,6
700364,2023-02-23,KB20_X,2,563615,0,1,6
700365,2023-02-23,KN17_D,2,569073,0,1,2
700366,2023-02-23,KN17_D,2,494507,0,1,5
700367,2023-02-23,KM11_Y,2,397655,30000,2,6
700368,2023-02-24,KS05_T,3,470938,30000,2,5
700369,2023-02-24,KB20_X,3,595191,0,2,5
700370,2023-02-24,KM11_Y,5,461193,0,1,5
700371,2023-02-24,KB20_X,5,547687,30000,1,6
700372,2023-02-24,KA14_H,1,580849,0,2,2
700373,2023-02-24,KA14_H,2,428784,30000,1,2
700374,2023-02-25,KS05_T,4,562773,0,2,2
700375,2023-02-25,KS05_T,5,387905,30000,2,6
700376,2023-02-25,KM11_Y,3,366571,0,1,6
700377,2023-02-25,KS05_T,2,389199,30000,1,6
700378,2023-02-25,KS05_T,5,473182,0,2,5
700379,2023-02-25,KM11_Y,1,457292,30000,1,5
700380,2023-02-25,KN17_D,2,540930,0,1,5
700381,2023-02-26,KM11_Y,5,452537,30000,2,2
700382,2023-02-26,KB20_X,4,399582,30000,1,5
700383,2023-02-26,KN17_D,5,513068,0,1,6
700384,2023-02-26,KN17_D,5,440555,0,2,5
700385,2023-02-26,KN17_D,3,433251,0,1,5
700386,2023-02-26,KS05_T,4,586502,30000,1,6
700387,2023-02-27,KS05_T,2,483964,0,2,2
700388,2023-02-27,KM11_Y,4,416333,30000,2,6
700389,2023-02-27,KN17_D,2,378024,0,1,6
700390,2023-02-27,KB20_X,2,567312,0,2,6
700391,2023-02-27,KM11_Y,3,413355,30000,1,6
700392,2023-02-27,KM11_Y,3,494490,0,2,5
700393,2023-02-27,KS05_T,2,556502,0,2,5
700394,2023-02-27,KM11_Y,3,523917,30000,1,6
700395,2023-02-28,KB20_X,1,556659,0,2,5
700396,2023-02-28,KB20_X,5,444910,0,1,6
700397,2023-02-28,KM11_Y,1,411821,30000,1,5
700398,2023-02-28,KN17_D,2,404796,0,1,5
700399,2023-02-28,KM11_Y,3,493285,30000,2,6
700400,2023-02-28,KM11_Y,4,414680,30000,2,2
700401,2023-02-28,KB20_X,3,558106,0,2,5
700402,2023-02-28,KM11_Y,1,377114,0,1,5
700403,2023-03-01,KM11_Y,4,578024,30000,2,5
700404,2023-03-01,KA14_H,2,375411,0,1,6
700405,2023-03-01,KA14_H,3,402870,0,2,6
700406,2023-03-01,KS05_T,2,559870,30000,1,5
700407,2023-03-01,KB20_X,4,442152,30000,2,5
700408,2023-03-02,KN17_D,2,353088,30000,2,6
700409,2023-03-02,KM11_Y,3,458943,0,1,5
700410,2023-03-02,KM11_Y,1,479000,0,1,6
700411,2023-03-02,KB20_X,5,405797,0,2,6
700412,2023-03-02,KM11_Y,1,351995,0,1,6
700413,2023-03-03,KS05_T,3,392322,0,1,2
700414,2023-03-03,KB20_X,1,464930,0,2,2
700415,2023-03-03,KB20_X,3,587239,30000,1,6
700416,2023-03-03,KS05_T,1,436576,30000,1,2
700417,2023-03-03,KA14_H,5,579610,0,2,5
700418,2023-03-04,KB20_X,4,460454,0,1,6
700419,2023-03-04,KS05_T,2,466378,0,1,2
700420,2023-03-04,KB20_X,4,455156,0,1,6
700421,2023-03-04,KS05_T,3,575406,0,1,2
700422,2023-03-05,KA14_H,1,354008,0,1,2
700423,2023-03-05,KB20_X,5,370637,30000,2,5
700424,2023-03-05,KN17_D,5,466481,30000,1,6
700425,2023-03-05,KA14_H,3,511637,0,2,5
700426,2023-03-05,KB20_X,3,424489,30000,1,2
700427,2023-03-05,KB20_X,4,392623,0,2,2
700428,2023-03-05,KM11_Y,5,553161,0,2,2
700429,2023-03-05,KN17_D,3,421325,0,1,5
700430,2023-03-05,KN17_D,5,465248,0,1,2
700431,2023-03-06,KA14_H,5,406782,30000,1,2
700432,2023-03-06,KM11_Y,3,389322,30000,2,5
700433,2023-03-06,KM11_Y,5,413138,0,2,2
700434,2023-03-06,KS05_T,5,457211,0,2,5
700435,2023-03-07,KA14_H,2,419506,30000,1,6
700436,2023-03-07,KS05_T,2,561155,0,2,5
700437,2023-03-07,KA14_H,3,569356,0,2,2
700438,2023-03-07,KB20_X,4,527132,30000,2,6
700439,2023-03-08,KA14_H,1,364925,30000,1,2
700440,2023-03-08,KB20_X,3,486427,30000,2,6
700441,2023-03-08,KA14_H,2,534811,0,2,5
700442,2023-03-08,KN17_D,4,543481,0,1,6
700443,2023-03-08,KA14_H,5,574083,0,1,6
700444,2023-03-08,KN17_D,4,491554,30000,1,2
700445,2023-03-09,KM11_Y,3,432001,30000,1,5
700446,2023-03-09,KA14_H,3,448315,0,1,2
700447,2023-03-09,KA14_H,2,530249,0,1,2
700448,2023-03-09,KM11_Y,3,568816,30000,2,6
700449,2023-03-10,KS05_T,3,406344,0,2,6
700450,2023-03-10,KB20_X,5,599435,0,1,5
700451,2023-03-10,KB20_X,5,595720,30000,2,6
700452,2023-03-10,KB20_X,4,577843,30000,1,6
700453,2023-03-10,KM11_Y,5,455576,30000,1,6
700454,2023-03-10,KS05_T,1,488579,30000,1,5
700455,2023-03-10,KN17_D,2,535248,30000,2,2
700456,2023-03-10,KS05_T,2,485009,30000,1,5
700457,2023-03-10,KA14_H,5,464360,0,1,2
700458,2023-03-11,KS05_T,2,542803,0,2,6
700459,2023-03-11,KS05_T,2,466047,30000,2,5
700460,2023-03-11,KM11_Y,4,554541,0,2,5
700461,2023-03-11,KN17_D,5,580146,30000,2,2
700462,2023-03-11,KB20_X,1,375395,0,2,5
700463,2023-03-11,KB20_X,1,574839,0,2,6
700464,2023-03-11,KA14_H,3,420649,30000,2,5
700465,2023-03-12,KA14_H,2,516415,30000,1,5
700466,2023-03-12,KS05_T,4,378690,30000,1,2
700467,2023-03-12,KB20_X,3,427711,30000,1,5
700468,2023-03-12,KM11_Y,5,430522,0,1,2
700469,2023-03-12,KM11_Y,3,442889,0,1,6
700470,2023-03-12,KA14_H,1,569339,30000,2,2
700471,2023-03-12,KM11_Y,4,363311,30000,1,6
700472,2023-03-12,KB20_X,5,399416,0,2,6
700473,2023-03-13,KA14_H,5,509465,0,1,5
700474,2023-03-13,KS05_T,5,552105,30000,1,6
700475,2023-03-13,KN17_D,1,458730,0,2,2
700476,2023-03-13,KB20_X,3,468319,30000,2,6
700477,2023-03-13,KB20_X,3,491129,30000,2,5
700478,2023-03-14,KN17_D,5,558914,30000,1,6
700479,2023-03-14,KS05_T,1,479198,30000,1,5
700480,2023-03-14,KN17_D,3,360588,0,1,5
700481,2023-03-14,KA14_H,3,563814,0,2,2
700482,2023-03-14,KS05_T,1,547170,0,1,2
700483,2023-03-14,KS05_T,3,437122,0,1,5
700484,2023-03-15,KS05_T,1,476204,0,2,5
700485,2023-03-15,KB20_X,1,375905,0,2,5
700486,2023-03-15,KA14_H,1,475813,30000,2,2
700487,2023-03-15,KM11_Y,3,371381,0,1,2
700488,2023-03-15,KA14_H,5,585020,30000,1,5
700489,2023-03-15,KS05_T,1,366702,0,2,6
700490,2023-03-15,KA14_H,4,475702,30000,2,2
700491,2023-03-16,KB20_X,4,374976,30000,2,5
700492,2023-03-16,KN17_D,2,420382,30000,1,5
700493,2023-03-16,KM11_Y,2,540972,30000,2,6
700494,2023-03-16,KM11_Y,3,383038,0,2,6
700495,2023-03-16,KS05_T,2,554858,0,1,5
700496,2023-03-16,KN17_D,4,571902,30000,1,6
700497,2023-03-16,KS05_T,5,491916,30000,2,2
700498,2023-03-16,KN17_D,5,388333,30000,2,5
700499,2023-03-17,KS05_T,2,499105,30000,2,5
700500,2023-03-17,KM11_Y,5,567986,0,1,2
700501,2023-03-17,KN17_D,3,400867,0,2,5
700502,2023-03-17,KA14_H,2,404691,0,2,5
700503,2023-03-17,KS05_T,1,428343,30000,1,5
700504,2023-03-17,KN17_D,2,420283,30000,1,6
700505,2023-03-18,KB20_X,4,451732,30000,1,6
700506,2023-03-18,KB20_X,2,574589,0,1,2
700507,2023-03-18,KA14_H,5,459384,30000,2,5
700508,2023-03-18,KN17_D,1,418232,0,1,5
700509,2023-03-18,KM11_Y,1,583094,30000,1,6
700510,2023-03-19,KA14_H,3,378810,0,2,2
700511,2023-03-19,KA14_H,2,554300,30000,1,2
700512,2023-03-19,KA14_H,4,492897,30000,2,2
700513,2023-03-19,KM11_Y,5,433707,30000,2,6
700514,2023-03-19,KM11_Y,2,379873,0,1,6
700515,2023-03-19,KA14_H,1,487405,30000,2,6
700516,2023-03-19,KM11_Y,4,463920,30000,2,5
700517,2023-03-19,KN17_D,3,357887,0,1,6
700518,2023-03-19,KA14_H,3,542081,30000,1,5
700519,2023-03-20,KN17_D,2,560171,0,1,6
700520,2023-03-20,KS05_T,3,515355,0,1,6
700521,2023-03-20,KS05_T,1,378013,0,2,2
700522,2023-03-20,KN17_D,5,457855,30000,2,2
700523,2023-03-20,KB20_X,5,505021,0,1,5
700524,2023-03-21,KM11_Y,4,555383,30000,1,2
700525,2023-03-21,KA14_H,5,511848,30000,1,2
700526,2023-03-21,KN17_D,2,585892,0,1,6
700527,2023-03-21,KB20_X,2,413083,0,2,6
700528,2023-03-21,KB20_X,1,431481,30000,1,5
700529,2023-03-22,KN17_D,1,505828,0,2,6
700530,2023-03-22,KS05_T,1,392687,30000,1,5
700531,2023-03-22,KM11_Y,5,590515,30000,2,5
700532,2023-03-22,KS05_T,4,590464,30000,1,5
700533,2023-03-22,KN17_D,1,545804,30000,1,5
700534,2023-03-22,KS05_T,2,558994,30000,2,5
700535,2023-03-23,KN17_D,3,557767,0,1,6
700536,2023-03-23,KA14_H,5,449372,30000,1,6
700537,2023-03-23,KB20_X,1,371213,0,2,5
700538,2023-03-23,KB20_X,4,568303,0,1,6
700539,2023-03-23,KM11_Y,3,515458,30000,1,2
700540,2023-03-24,KB20_X,3,376844,30000,2,6
700541,2023-03-24,KM11_Y,5,544997,30000,1,2
700542,2023-03-24,KM11_Y,2,536381,0,1,5
700543,2023-03-24,KM11_Y,5,375105,0,2,5
700544,2023-03-24,KN17_D,1,437235,0,2,6
700545,2023-03-24,KN17_D,3,485995,30000,2,6
700546,2023-03-25,KN17_D,1,442290,30000,1,5
700547,2023-03-25,KB20_X,2,570782,30000,1,5
700548,2023-03-25,KB20_X,3,499370,0,1,2
700549,2023-03-25,KM11_Y,3,584420,30000,1,5
700550,2023-03-25,KM11_Y,3,408595,30000,1,6
700551,2023-03-25,KB20_X,3,564772,0,1,2
700552,2023-03-25,KA14_H,5,537435,30000,1,5
700553,2023-03-26,KS05_T,2,585654,0,2,2
700554,2023-03-26,KN17_D,5,515320,30000,2,6
700555,2023-03-26,KS05_T,2,444626,30000,1,2
700556,2023-03-26,KM11_Y,1,486885,0,2,6
700557,2023-03-26,KM11_Y,5,391190,0,1,6
700558,2023-03-26,KN17_D,1,467035,30000,2,2
700559,2023-03-26,KN17_D,5,536333,30000,2,2
700560,2023-03-26,KA14_H,5,385814,0,1,5
700561,2023-03-26,KM11_Y,5,598827,0,2,6
700562,2023-03-27,KM11_Y,3,419803,0,1,2
700563,2023-03-27,KS05_T,2,370043,30000,2,2
700564,2023-03-27,KS05_T,5,524556,30000,1,2
700565,2023-03-27,KB20_X,2,458611,30000,1,2
700566,2023-03-27,KS05_T,1,530482,30000,1,6
700567,2023-03-27,KA14_H,5,597418,0,2,2
700568,2023-03-27,KS05_T,5,585067,30000,2,2
700569,2023-03-28,KM11_Y,3,381921,0,2,6
700570,2023-03-28,KA14_H,5,431131,30000,1,2
700571,2023-03-28,KM11_Y,2,428946,30000,1,2
700572,2023-03-28,KM11_Y,3,399725,0,1,2
700573,2023-03-29,KA14_H,2,536351,30000,1,6
700574,2023-03-29,KB20_X,5,579278,0,2,2
700575,2023-03-29,KM11_Y,3,525024,0,1,2
700576,2023-03-29,KS05_T,2,534750,30000,1,5
700577,2023-03-29,KB20_X,5,516433,30000,1,2
700578,2023-03-29,KN17_D,4,446805,30000,2,6
700579,2023-03-29,KB20_X,5,556251,30000,1,2
700580,2023-03-29,KM11_Y,3,417965,0,1,6
700581,2023-03-29,KA14_H,4,455935,0,2,6
700582,2023-03-30,KN17_D,5,475544,0,2,6
700583,2023-03-30,KS05_T,5,372072,30000,2,6
700584,2023-03-30,KN17_D,5,487129,30000,1,2
700585,2023-03-30,KN17_D,1,373259,30000,1,5
700586,2023-03-30,KB20_X,2,388893,0,2,2
700587,2023-03-30,KN17_D,5,476801,30000,1,2
700588,2023-03-30,KB20_X,4,415049,30000,1,6
700589,2023-03-31,KB20_X,1,415424,0,1,6
700590,2023-03-31,KA14_H,1,595352,0,1,6
700591,2023-03-31,KN17_D,3,406731,0,2,6
700592,2023-03-31,KM11_Y,3,359004,0,1,2
700593,2023-04-01,KS05_T,1,404645,0,1,6
700594,2023-04-01,KA14_H,5,529614,30000,1,5
700595,2023-04-01,KA14_H,4,556040,30000,2,6
700596,2023-04-01,KN17_D,1,354791,0,2,2
700597,2023-04-02,KM11_Y,1,532017,30000,1,5
700598,2023-04-02,KB20_X,2,569162,0,1,5
700599,2023-04-02,KM11_Y,5,526512,30000,1,2
700600,2023-04-02,KN17_D,3,415169,30000,2,5
700601,2023-04-02,KM11_Y,1,479851,30000,1,6
700602,2023-04-02,KA14_H,5,389328,30000,2,2
700603,2023-04-02,KN17_D,3,525231,0,1,5
700604,2023-04-02,KN17_D,3,399262,30000,1,2
700605,2023-04-03,KB20_X,5,450808,0,1,5
700606,2023-04-03,KM11_Y,1,508267,30000,2,2
700607,2023-04-03,KN17_D,4,515746,30000,2,5
700608,2023-04-03,KA14_H,2,482888,0,2,6
700609,2023-04-03,KA14_H,2,568220,30000,1,6
700610,2023-04-03,KN17_D,3,400100,30000,1,5
700611,2023-04-03,KA14_H,3,388428,0,1,6
700612,2023-04-03,KA14_H,3,466251,30000,2,6
700613,2023-04-04,KA14_H,3,412598,0,2,6
700614,2023-04-04,KA14_H,3,492491,0,2,6
700615,2023-04-04,KM11_Y,4,571516,0,1,6
700616,2023-04-04,KS05_T,2,507723,0,2,5
700617,2023-04-04,KM11_Y,2,417936,30000,2,2
700618,2023-04-04,KB20_X,2,547626,30000,2,5
700619,2023-04-04,KS05_T,2,525682,0,2,6
700620,2023-04-05,KB20_X,1,388665,30000,2,5
700621,2023-04-05,KS05_T,1,513947,0,1,6
700622,2023-04-05,KN17_D,5,353809,30000,2,5
700623,2023-04-05,KA14_H,5,546322,30000,1,6
700624,2023-04-06,KB20_X,5,421643,0,2,2
700625,2023-04-06,KB20_X,1,560775,0,2,6
700626,2023-04-06,KB20_X,1,507981,30000,2,6
700627,2023-04-06,KS05_T,1,448035,30000,2,5
700628,2023-04-07,KN17_D,5,383370,30000,2,2
700629,2023-04-07,KB20_X,2,463528,0,2,2
700630,2023-04-07,KM11_Y,4,531026,0,2,5
700631,2023-04-07,KA14_H,5,375714,30000,2,2
700632,2023-04-07,KB20_X,4,429810,0,1,2
700633,2023-04-07,KN17_D,2,395028,30000,2,2
700634,2023-04-07,KB20_X,3,363769,0,2,5
700635,2023-04-08,KM11_Y,4,494542,0,2,5
700636,2023-04-08,KN17_D,5,478256,0,1,2
700637,2023-04-08,KS05_T,1,451422,0,1,6
700638,2023-04-08,KN17_D,4,502255,0,2,2
700639,2023-04-09,KM11_Y,1,365021,30000,2,6
700640,2023-04-09,KA14_H,4,360355,30000,1,2
700641,2023-04-09,KM11_Y,3,367198,30000,1,2
700642,2023-04-09,KA14_H,3,567054,0,1,5
700643,2023-04-09,KM11_Y,1,376783,30000,2,5
700644,2023-04-10,KA14_H,1,585577,0,1,6
700645,2023-04-10,KB20_X,4,399713,30000,2,5
700646,2023-04-10,KM11_Y,1,534103,30000,2,2
700647,2023-04-10,KN17_D,4,432208,0,2,2
700648,2023-04-10,KB20_X,3,597206,0,2,5
700649,2023-04-10,KA14_H,3,543823,0,1,5
700650,2023-04-10,KS05_T,5,463535,0,2,6
700651,2023-04-11,KA14_H,5,394134,30000,1,2
700652,2023-04-11,KM11_Y,5,458336,0,2,2
700653,2023-04-11,KA14_H,4,545037,0,1,5
700654,2023-04-11,KB20_X,2,556340,0,2,5
700655,2023-04-11,KS05_T,5,433721,0,1,5
700656,2023-04-11,KM11_Y,1,357432,30000,2,5
700657,2023-04-11,KM11_Y,3,554222,30000,2,2
700658,2023-04-11,KN17_D,2,584265,30000,2,5
700659,2023-04-11,KB20_X,3,518461,0,1,6
700660,2023-04-12,KM11_Y,5,422534,30000,1,6
700661,2023-04-12,KM11_Y,4,362974,30000,1,6
700662,2023-04-12,KN17_D,2,420202,0,1,6
700663,2023-04-12,KA14_H,5,477309,0,1,5
700664,2023-04-12,KS05_T,1,491408,30000,1,5
700665,2023-04-12,KB20_X,1,496691,30000,2,5
700666,2023-04-12,KA14_H,3,358798,30000,2,6
700667,2023-04-13,KS05_T,1,359415,30000,1,6
700668,2023-04-13,KM11_Y,4,489192,30000,1,5
700669,2023-04-13,KN17_D,4,372099,30000,1,6
700670,2023-04-13,KM11_Y,4,424280,30000,2,5
700671,2023-04-13,KA14_H,2,574895,30000,2,6
700672,2023-04-13,KS05_T,1,384364,30000,2,2
700673,2023-04-13,KM11_Y,3,392923,30000,1,6
700674,2023-04-14,KM11_Y,1,523327,0,2,6
700675,2023-04-14,KS05_T,2,537478,30000,2,2
700676,2023-04-14,KB20_X,3,532155,0,2,6
700677,2023-04-14,KA14_H,2,400355,30000,2,2
700678,2023-04-14,KS05_T,2,581659,0,2,2
700679,2023-04-14,KN17_D,5,539878,0,2,2
700680,2023-04-15,KB20_X,2,585603,0,2,5
700681,2023-04-15,KM11_Y,2,506837,0,1,5
700682,2023-04-15,KA14_H,5,444655,30000,2,6
700683,2023-04-15,KB20_X,3,504824,0,2,2
700684,2023-04-15,KS05_T,1,458668,0,1,2
700685,2023-04-15,KN17_D,1,407923,0,1,2
700686,2023-04-15,KM11_Y,4,427088,0,2,5
700687,2023-04-15,KM11_Y,4,425948,0,1,2
700688,2023-04-16,KN17_D,4,500395,0,2,6
700689,2023-04-16,KB20_X,2,390308,0,1,2
700690,2023-04-16,KM11_Y,3,355695,0,2,6
700691,2023-04-16,KB20_X,4,540388,0,1,2
700692,2023-04-16,KM11_Y,4,445711,0,2,6
700693,2023-04-17,KM11_Y,1,406440,0,2,5
700694,2023-04-17,KS05_T,1,465192,30000,1,6
700695,2023-04-17,KM11_Y,1,519573,30000,2,2
700696,2023-04-17,KS05_T,3,480016,0,1,5
700697,2023-04-17,KN17_D,3,593205,0,2,5
700698,2023-04-17,KN17_D,2,503650,0,1,6
700699,2023-04-17,KB20_X,4,383746,30000,1,2
700700,2023-04-18,KB20_X,5,592374,30000,2,5
700701,2023-04-18,KA14_H,3,446008,0,2,5
700702,2023-04-18,KM11_Y,2,484607,30000,1,5
700703,2023-04-18,KM11_Y,4,551225,0,2,5
700704,2023-04-18,KM11_Y,2,593393,30000,2,2
700705,2023-04-19,KA14_H,5,482957,30000,2,5
700706,2023-04-19,KA14_H,2,547423,0,1,5
700707,2023-04-19,KS05_T,5,538255,30000,1,5
700708,2023-04-19,KN17_D,5,545543,30000,1,6
700709,2023-04-19,KA14_H,5,383387,0,1,2
700710,2023-04-19,KA14_H,1,486666,0,1,6
700711,2023-04-20,KN17_D,2,382175,30000,1,6
700712,2023-04-20,KS05_T,1,544188,0,2,2
700713,2023-04-20,KA14_H,3,596464,0,2,2
700714,2023-04-20,KM11_Y,1,580348,30000,1,6
700715,2023-04-20,KM11_Y,4,524737,0,2,5
700716,2023-04-20,KM11_Y,1,519587,30000,1,6
700717,2023-04-20,KB20_X,2,567207,30000,2,6
700718,2023-04-20,KN17_D,2,409030,30000,2,5
700719,2023-04-20,KS05_T,5,402800,30000,1,2
700720,2023-04-21,KB20_X,2,355212,30000,1,6
700721,2023-04-21,KN17_D,1,558794,30000,2,5
700722,2023-04-21,KB20_X,3,496362,30000,1,6
700723,2023-04-21,KA14_H,5,413197,30000,1,6
700724,2023-04-21,KM11_Y,1,594901,0,1,5
700725,2023-04-21,KN17_D,2,465447,0,2,2
700726,2023-04-21,KS05_T,4,509876,30000,1,5
700727,2023-04-21,KB20_X,2,592861,30000,1,6
700728,2023-04-22,KA14_H,5,432970,30000,2,5
700729,2023-04-22,KA14_H,2,485748,30000,2,2
700730,2023-04-22,KN17_D,1,539668,0,2,5
700731,2023-04-22,KS05_T,2,446491,30000,2,2
700732,2023-04-22,KB20_X,5,497435,0,1,5
700733,2023-04-23,KS05_T,1,428971,0,2,2
700734,2023-04-23,KA14_H,3,419837,30000,1,6
700735,2023-04-23,KM11_Y,2,374016,0,1,2
700736,2023-04-23,KM11_Y,5,462099,0,2,2
700737,2023-04-23,KB20_X,3,565268,30000,1,2
700738,2023-04-23,KA14_H,3,438495,30000,1,6
700739,2023-04-23,KS05_T,1,556238,0,2,5
700740,2023-04-23,KS05_T,2,395704,30000,2,6
700741,2023-04-24,KM11_Y,1,360060,0,1,6
700742,2023-04-24,KB20_X,4,485102,30000,2,2
700743,2023-04-24,KN17_D,4,576621,30000,2,6
700744,2023-04-24,KS05_T,2,401550,0,1,5
700745,2023-04-24,KN17_D,1,500004,30000,2,6
700746,2023-04-24,KN17_D,3,396539,30000,1,5
700747,2023-04-24,KS05_T,1,561340,30000,1,6
700748,2023-04-24,KN17_D,3,471682,30000,2,5
700749,2023-04-25,KB20_X,2,495762,30000,1,2
700750,2023-04-25,KB20_X,3,537306,30000,1,5
700751,2023-04-25,KB20_X,3,351832,0,2,6
700752,2023-04-25,KN17_D,4,421835,0,2,6
700753,2023-04-25,KA14_H,3,388311,30000,2,6
700754,2023-04-25,KB20_X,3,448580,30000,2,5
700755,2023-04-25,KM11_Y,3,389470,30000,2,2
700756,2023-04-25,KA14_H,4,464300,30000,1,2
700757,2023-04-26,KS05_T,3,509463,30000,2,6
700758,2023-04-26,KB20_X,5,356574,30000,1,5
700759,2023-04-26,KB20_X,3,427338,0,2,5
700760,2023-04-26,KB20_X,5,492350,0,1,5
700761,2023-04-26,KS05_T,3,581946,30000,1,2
700762,2023-04-26,KA14_H,2,401097,30000,1,6
700763,2023-04-26,KM11_Y,1,352179,30000,2,2
700764,2023-04-26,KB20_X,5,409875,30000,1,5
700765,2023-04-26,KS05_T,2,532504,30000,1,5
700766,2023-04-27,KB20_X,2,439342,30000,2,2
700767,2023-04-27,KM11_Y,2,542416,0,2,6
700768,2023-04-27,KS05_T,5,546092,30000,2,6
700769,2023-04-27,KB20_X,4,420560,30000,1,6
700770,2023-04-27,KM11_Y,3,426762,30000,2,2
700771,2023-04-27,KA14_H,2,459963,30000,1,6
700772,2023-04-27,KN17_D,4,499119,0,2,6
700773,2023-04-28,KS05_T,2,463843,30000,1,6
700774,2023-04-28,KS05_T,3,397020,0,2,5
700775,2023-04-28,KN17_D,2,564020,30000,1,6
700776,2023-04-28,KS05_T,3,421942,30000,2,5
700777,2023-04-29,KN17_D,3,545868,30000,1,2
700778,2023-04-29,KM11_Y,5,554639,30000,1,5
700779,2023-04-29,KA14_H,3,569779,30000,1,6
700780,2023-04-29,KS05_T,1,452903,0,2,6
700781,2023-04-30,KB20_X,1,415592,0,2,6
700782,2023-04-30,KN17_D,2,416151,0,1,2
700783,2023-04-30,KA14_H,4,523620,30000,1,6
700784,2023-04-30,KB20_X,2,350944,30000,1,6
700785,2023-04-30,KN17_D,1,382596,30000,2,6
700786,2023-04-30,KA14_H,2,516797,0,2,5
700787,2023-05-01,KA14_H,5,480251,30000,1,5
700788,2023-05-01,KB20_X,3,352994,30000,1,5
700789,2023-05-01,KM11_Y,4,596590,0,1,6
700790,2023-05-01,KS05_T,1,423414,30000,1,6
700791,2023-05-01,KN17_D,5,535993,30000,1,2
700792,2023-05-01,KM11_Y,5,474766,0,1,6
700793,2023-05-01,KS05_T,3,367333,0,2,6
700794,2023-05-02,KA14_H,3,599434,0,2,6
700795,2023-05-02,KS05_T,2,443616,30000,2,5
700796,2023-05-02,KS05_T,5,396947,0,1,5
700797,2023-05-02,KB20_X,1,579685,0,2,2
700798,2023-05-02,KS05_T,2,470454,0,2,2
700799,2023-05-02,KM11_Y,3,567857,30000,2,5
700800,2023-05-03,KM11_Y,5,541799,0,2,6
700801,2023-05-03,KS05_T,5,538829,0,1,6
700802,2023-05-03,KM11_Y,4,574239,30000,2,5
700803,2023-05-03,KM11_Y,2,526571,0,1,2
700804,2023-05-03,KS05_T,3,546149,0,2,2
700805,2023-05-03,KM11_Y,4,473183,30000,2,5
700806,2023-05-03,KA14_H,4,589628,0,2,2
700807,2023-05-03,KA14_H,2,405476,30000,2,2
700808,2023-05-03,KB20_X,3,412583,30000,1,5
700809,2023-05-04,KM11_Y,3,353664,0,1,5
700810,2023-05-04,KA14_H,2,478404,30000,1,5
700811,2023-05-04,KB20_X,1,555320,30000,1,2
700812,2023-05-04,KB20_X,5,452908,0,1,5
700813,2023-05-05,KS05_T,4,527381,0,2,2
700814,2023-05-05,KN17_D,1,479288,30000,1,5
700815,2023-05-05,KN17_D,4,556089,0,1,6
700816,2023-05-05,KS05_T,4,589631,0,2,6
700817,2023-05-05,KB20_X,5,437340,30000,2,6
700818,2023-05-05,KM11_Y,1,424534,30000,2,6
700819,2023-05-05,KM11_Y,5,413226,30000,2,5
700820,2023-05-05,KB20_X,1,516052,30000,2,6
700821,2023-05-06,KA14_H,1,366997,0,1,6
700822,2023-05-06,KN17_D,5,463711,0,2,6
700823,2023-05-06,KS05_T,1,570604,0,2,5
700824,2023-05-06,KM11_Y,2,422144,30000,2,5
700825,2023-05-06,KM11_Y,4,502110,0,2,6
700826,2023-05-06,KM11_Y,2,576139,0,2,5
700827,2023-05-06,KM11_Y,1,494952,30000,1,5
700828,2023-05-06,KB20_X,5,453068,0,1,2
700829,2023-05-06,KN17_D,3,465016,30000,1,2
700830,2023-05-07,KM11_Y,3,359695,0,1,5
700831,2023-05-07,KA14_H,4,351214,0,1,6
700832,2023-05-07,KA14_H,2,525911,0,1,2
700833,2023-05-07,KN17_D,3,453569,30000,2,5
700834,2023-05-07,KA14_H,5,377740,0,2,5
700835,2023-05-07,KA14_H,5,513249,0,2,6
700836,2023-05-08,KS05_T,4,483780,30000,2,6
700837,2023-05-08,KB20_X,2,539216,30000,2,2
700838,2023-05-08,KN17_D,2,490160,0,1,5
700839,2023-05-08,KS05_T,4,449599,30000,2,5
700840,2023-05-08,KA14_H,1,396365,30000,1,5
700841,2023-05-08,KM11_Y,3,543320,0,1,2
700842,2023-05-08,KA14_H,2,365861,30000,2,6
700843,2023-05-09,KB20_X,5,436089,30000,2,5
700844,2023-05-09,KA14_H,1,510613,0,1,5
700845,2023-05-09,KA14_H,5,508525,30000,2,6
700846,2023-05-09,KM11_Y,4,383800,30000,1,2
700847,2023-05-09,KA14_H,5,406232,0,1,5
700848,2023-05-09,KB20_X,3,381283,30000,1,5
700849,2023-05-09,KS05_T,5,585863,0,2,6
700850,2023-05-09,KN17_D,3,445424,30000,1,2
700851,2023-05-09,KA14_H,1,551495,0,2,2
700852,2023-05-10,KN17_D,1,461116,0,1,6
700853,2023-05-10,KN17_D,1,508074,30000,1,6
700854,2023-05-10,KM11_Y,2,400126,30000,1,2
700855,2023-05-10,KA14_H,3,471284,0,2,2
700856,2023-05-10,KA14_H,3,421591,30000,1,2
700857,2023-05-10,KA14_H,2,438747,0,2,5
700858,2023-05-10,KM11_Y,3,564384,0,1,2
700859,2023-05-10,KM11_Y,5,512582,0,2,5
700860,2023-05-10,KA14_H,5,505927,30000,1,5
700861,2023-05-11,KB20_X,2,461688,30000,2,6
700862,2023-05-11,KN17_D,1,493063,30000,1,5
700863,2023-05-11,KA14_H,5,378715,0,1,5
700864,2023-05-11,KM11_Y,3,595586,30000,1,6
700865,2023-05-11,KM11_Y,3,354889,30000,1,5
700866,2023-05-11,KB20_X,3,387958,30000,2,6
700867,2023-05-11,KM11_Y,1,417203,0,2,2
700868,2023-05-11,KN17_D,2,411401,30000,2,5
700869,2023-05-12,KS05_T,2,392903,0,1,5
700870,2023-05-12,KN17_D,5,539870,30000,2,2
700871,2023-05-12,KA14_H,3,467426,30000,2,6
700872,2023-05-12,KN17_D,1,408215,0,1,6
700873,2023-05-12,KM11_Y,4,423079,0,1,2
700874,2023-05-12,KB20_X,1,398365,30000,2,2
700875,2023-05-13,KA14_H,1,461504,30000,2,5
700876,2023-05-13,KM11_Y,2,395924,30000,1,6
700877,2023-05-13,KB20_X,4,454216,0,2,5
700878,2023-05-13,KM11_Y,5,448633,30000,2,2
700879,2023-05-13,KM11_Y,2,466475,30000,2,2
700880,2023-05-13,KA14_H,4,561811,30000,1,6
700881,2023-05-13,KB20_X,5,517813,0,2,6
700882,2023-05-13,KN17_D,5,411768,0,1,5
700883,2023-05-13,KB20_X,4,437211,0,1,2
700884,2023-05-14,KM11_Y,1,521206,30000,1,5
700885,2023-05-14,KB20_X,2,502802,30000,2,6
700886,2023-05-14,KB20_X,4,386818,30000,2,2
700887,2023-05-14,KS05_T,1,434728,0,1,6
700888,2023-05-14,KS05_T,4,443302,0,1,5
700889,2023-05-15,KN17_D,5,371395,0,1,5
700890,2023-05-15,KS05_T,3,598097,0,1,6
700891,2023-05-15,KN17_D,2,554071,30000,1,2
700892,2023-05-15,KB20_X,3,578195,0,1,2
700893,2023-05-15,KA14_H,4,439196,0,2,5
700894,2023-05-15,KB20_X,1,496851,0,1,2
700895,2023-05-16,KS05_T,1,376924,30000,2,2
700896,2023-05-16,KS05_T,4,475093,30000,1,2
700897,2023-05-16,KM11_Y,3,579027,0,2,2
700898,2023-05-16,KB20_X,2,480509,0,2,2
700899,2023-05-17,KN17_D,2,353212,30000,2,6
700900,2023-05-17,KS05_T,4,372007,30000,2,6
700901,2023-05-17,KA14_H,5,428038,0,2,2
700902,2023-05-17,KN17_D,2,478771,30000,2,6
700903,2023-05-17,KM11_Y,2,386820,30000,2,6
700904,2023-05-18,KM11_Y,4,460002,30000,2,2
700905,2023-05-18,KS05_T,2,535399,0,1,2
700906,2023-05-18,KM11_Y,2,523333,0,2,5
700907,2023-05-18,KM11_Y,1,433446,0,2,6
700908,2023-05-18,KA14_H,4,540057,0,1,2
700909,2023-05-18,KM11_Y,1,401048,30000,1,6
700910,2023-05-19,KA14_H,4,420726,0,2,5
700911,2023-05-19,KM11_Y,4,555894,30000,1,6
700912,2023-05-19,KM11_Y,2,579831,0,1,6
700913,2023-05-19,KM11_Y,5,515368,0,2,2
700914,2023-05-20,KB20_X,2,520365,0,1,2
700915,2023-05-20,KM11_Y,5,518332,30000,1,5
700916,2023-05-20,KA14_H,1,598914,30000,2,5
700917,2023-05-20,KA14_H,4,355580,0,1,5
700918,2023-05-20,KN17_D,1,477319,30000,2,2
700919,2023-05-20,KA14_H,5,497239,0,2,2
700920,2023-05-20,KA14_H,4,472790,0,2,6
700921,2023-05-20,KM11_Y,4,530557,30000,2,6
700922,2023-05-20,KB20_X,2,579455,30000,2,2
700923,2023-05-21,KM11_Y,1,474697,30000,1,2
700924,2023-05-21,KM11_Y,4,357176,0,2,6
700925,2023-05-21,KB20_X,5,395177,0,2,5
700926,2023-05-21,KN17_D,2,584040,30000,2,5
700927,2023-05-21,KB20_X,1,471509,30000,1,5
700928,2023-05-22,KA14_H,2,542589,30000,2,2
700929,2023-05-22,KB20_X,3,470846,30000,2,2
700930,2023-05-22,KM11_Y,1,441815,0,1,2
700931,2023-05-22,KA14_H,3,579602,30000,2,5
700932,2023-05-23,KS05_T,4,544155,0,1,6
700933,2023-05-23,KA14_H,4,536110,0,1,5
700934,2023-05-23,KS05_T,5,489343,0,2,2
700935,2023-05-23,KS05_T,4,368268,30000,2,2
700936,2023-05-24,KM11_Y,4,438757,30000,2,5
700937,2023-05-24,KA14_H,1,514974,30000,2,6
700938,2023-05-24,KA14_H,4,504473,30000,2,6
700939,2023-05-24,KA14_H,2,573676,0,1,2
700940,2023-05-24,KB20_X,3,403740,30000,1,6
700941,2023-05-24,KA14_H,2,358983,30000,2,2
700942,2023-05-24,KM11_Y,2,388886,30000,1,5
700943,2023-05-25,KA14_H,3,427513,0,1,5
700944,2023-05-25,KS05_T,5,585718,30000,2,6
700945,2023-05-25,KA14_H,5,385797,0,1,6
700946,2023-05-25,KN17_D,4,463431,30000,1,5
700947,2023-05-25,KS05_T,3,368095,0,2,6
700948,2023-05-25,KS05_T,3,587200,30000,1,2
700949,2023-05-25,KB20_X,1,569088,30000,2,2
700950,2023-05-25,KA14_H,1,466196,0,2,6
700951,2023-05-26,KA14_H,5,418591,30000,1,6
700952,2023-05-26,KN17_D,1,366997,0,1,2
700953,2023-05-26,KN17_D,4,395520,30000,2,6
700954,2023-05-26,KA14_H,3,455246,0,2,5
700955,2023-05-26,KM11_Y,5,576413,30000,2,5
700956,2023-05-26,KN17_D,4,540791,0,2,6
700957,2023-05-26,KS05_T,5,499078,30000,1,6
700958,2023-05-27,KS05_T,5,385568,0,2,5
700959,2023-05-27,KM11_Y,1,475721,30000,1,6
700960,2023-05-27,KM11_Y,1,495107,30000,1,5
700961,2023-05-27,KM11_Y,1,450459,0,1,5
700962,2023-05-27,KA14_H,3,468458,30000,2,2
700963,2023-05-27,KN17_D,4,546914,30000,1,2
700964,2023-05-27,KB20_X,3,434612,0,1,5
700965,2023-05-27,KA14_H,5,543149,30000,2,5
700966,2023-05-27,KN17_D,1,599220,0,2,6
700967,2023-05-28,KA14_H,3,356862,0,1,5
700968,2023-05-28,KB20_X,5,564035,30000,1,6
700969,2023-05-28,KN17_D,5,496297,30000,2,5
700970,2023-05-28,KB20_X,3,467174,0,2,5
700971,2023-05-28,KN17_D,3,452318,0,2,5
700972,2023-05-28,KS05_T,4,498430,30000,1,6
700973,2023-05-28,KS05_T,2,544835,0,2,2
700974,2023-05-28,KB20_X,4,572059,0,1,5
700975,2023-05-29,KS05_T,2,596206,0,1,2
700976,2023-05-29,KB20_X,1,432641,30000,1,5
700977,2023-05-29,KM11_Y,1,531949,30000,2,5
700978,2023-05-29,KB20_X,1,429522,0,2,2
700979,2023-05-29,KS05_T,5,533954,30000,1,6
700980,2023-05-29,KN17_D,1,370557,30000,1,2
700981,2023-05-29,KA14_H,3,492239,0,2,6
700982,2023-05-30,KS05_T,3,484526,0,1,5
700983,2023-05-30,KA14_H,1,389963,30000,1,5
700984,2023-05-30,KS05_T,4,413528,30000,2,2
700985,2023-05-30,KB20_X,2,413308,30000,2,6
700986,2023-05-30,KM11_Y,4,481980,0,2,5
700987,2023-05-31,KA14_H,3,392103,0,2,2
700988,2023-05-31,KA14_H,5,367189,30000,2,2
700989,2023-05-31,KB20_X,3,490688,0,1,6
700990,2023-05-31,KB20_X,5,444182,30000,2,6
700991,2023-05-31,KN17_D,1,568163,0,1,5
700992,2023-05-31,KS05_T,2,406063,0,1,2
700993,2023-05-31,KM11_Y,3,413924,0,2,6
700994,2023-06-01,KN17_D,2,592290,30000,1,5
700995,2023-06-01,KB20_X,1,540598,30000,2,6
700996,2023-06-01,KB20_X,3,397922,0,2,6
700997,2023-06-01,KS05_T,1,564540,30000,1,2
700998,2023-06-01,KB20_X,2,486711,30000,2,2
700999,2023-06-02,KB20_X,5,470308,0,1,6
701000,2023-06-02,KN17_D,2,468194,0,1,6
701001,2023-06-02,KA14_H,5,360995,0,2,6
701002,2023-06-02,KM11_Y,5,515299,0,1,5
701003,2023-06-02,KA14_H,5,563053,0,1,5
701004,2023-06-02,KM11_Y,5,573059,0,1,5
701005,2023-06-03,KN17_D,5,370471,0,1,5
701006,2023-06-03,KM11_Y,5,433969,0,1,6
701007,2023-06-03,KA14_H,5,452208,30000,2,2
701008,2023-06-03,KM11_Y,3,458718,0,1,5
701009,2023-06-03,KB20_X,5,540891,0,1,5
701010,2023-06-04,KS05_T,3,470198,30000,2,2
701011,2023-06-04,KB20_X,3,551362,30000,1,6
701012,2023-06-04,KS05_T,4,351225,0,1,2
701013,2023-06-04,KS05_T,2,576801,0,1,2
701014,2023-06-05,KA14_H,2,509547,0,2,6
701015,2023-06-05,KN17_D,3,375168,30000,1,6
701016,2023-06-05,KS05_T,5,404592,0,2,6
701017,2023-06-05,KB20_X,5,366488,30000,2,5
701018,2023-06-05,KB20_X,3,443993,0,1,5
701019,2023-06-05,KM11_Y,1,567754,30000,2,6
701020,2023-06-05,KB20_X,1,538137,0,1,5
701021,2023-06-06,KA14_H,2,505470,0,1,5
701022,2023-06-06,KB20_X,1,574332,0,1,2
701023,2023-06-06,KB20_X,3,507086,30000,1,2
701024,2023-06-06,KB20_X,2,555364,0,1,2
701025,2023-06-06,KB20_X,4,415941,30000,1,6
701026,2023-06-06,KN17_D,3,367693,30000,2,5
701027,2023-06-06,KM11_Y,1,413825,0,2,6
701028,2023-06-07,KA14_H,4,495291,30000,1,2
701029,2023-06-07,KM11_Y,1,456292,30000,2,6
701030,2023-06-07,KA14_H,4,412708,0,1,6
701031,2023-06-07,KM11_Y,5,395104,30000,2,2
701032,2023-06-07,KA14_H,4,354454,30000,2,2
701033,2023-06-07,KS05_T,4,474564,30000,2,5
701034,2023-06-07,KM11_Y,2,502402,0,2,6
701035,2023-06-07,KS05_T,2,553789,30000,2,6
701036,2023-06-08,KA14_H,1,490893,0,2,2
701037,2023-06-08,KA14_H,2,505719,30000,1,5
701038,2023-06-08,KB20_X,1,439142,30000,1,5
701039,2023-06-08,KS05_T,4,488776,0,1,5
701040,2023-06-08,KA14_H,4,354870,30000,2,6
701041,2023-06-08,KN17_D,1,370128,30000,2,5
701042,2023-06-08,KS05_T,4,530685,30000,2,2
701043,2023-06-08,KB20_X,1,350005,0,1,6
701044,2023-06-08,KB20_X,3,426586,0,1,5
701045,2023-06-09,KM11_Y,4,572873,0,2,5
701046,2023-06-09,KS05_T,3,418607,30000,2,5
701047,2023-06-09,KS05_T,3,396612,0,1,5
701048,2023-06-09,KM11_Y,5,490500,30000,2,6
701049,2023-06-09,KM11_Y,1,421540,30000,1,5
701050,2023-06-10,KN17_D,1,367175,30000,2,2
701051,2023-06-10,KB20_X,1,518439,0,1,2
701052,2023-06-10,KA14_H,3,510094,30000,1,5
701053,2023-06-10,KN17_D,2,536670,0,1,6
701054,2023-06-10,KB20_X,5,405916,0,2,2
701055,2023-06-11,KB20_X,2,551750,0,2,6
701056,2023-06-11,KN17_D,3,404499,30000,2,2
701057,2023-06-11,KS05_T,5,354595,0,1,6
701058,2023-06-11,KA14_H,4,442676,30000,2,6
701059,2023-06-11,KM11_Y,1,369405,0,1,5
701060,2023-06-12,KN17_D,2,408282,30000,1,2
701061,2023-06-12,KA14_H,3,425871,30000,2,5
701062,2023-06-12,KN17_D,3,360712,30000,2,2
701063,2023-06-12,KS05_T,2,449851,0,1,2
701064,2023-06-12,KS05_T,2,466445,30000,2,5
701065,2023-06-12,KM11_Y,5,558485,0,1,2
701066,2023-06-12,KM11_Y,5,534461,0,1,6
701067,2023-06-12,KN17_D,1,557711,0,1,5
701068,2023-06-12,KA14_H,1,390274,30000,1,5
701069,2023-06-13,KA14_H,1,435365,30000,1,6
701070,2023-06-13,KB20_X,1,556994,0,1,6
701071,2023-06-13,KM11_Y,3,374644,30000,1,6
701072,2023-06-13,KA14_H,2,520187,30000,1,5
701073,2023-06-13,KA14_H,2,372578,30000,1,2
701074,2023-06-13,KN17_D,3,529022,30000,2,5
701075,2023-06-14,KN17_D,1,395891,0,2,2
701076,2023-06-14,KS05_T,4,422008,30000,1,2
701077,2023-06-14,KM11_Y,1,466249,0,1,2
701078,2023-06-14,KS05_T,1,548208,0,2,2
701079,2023-06-14,KB20_X,4,475612,30000,2,6
701080,2023-06-14,KN17_D,4,437242,0,2,5
701081,2023-06-14,KA14_H,3,497330,30000,2,6
701082,2023-06-14,KM11_Y,5,508757,0,2,5
701083,2023-06-15,KB20_X,5,586655,30000,2,2
701084,2023-06-15,KS05_T,1,554274,30000,1,6
701085,2023-06-15,KM11_Y,4,355285,30000,1,2
701086,2023-06-15,KB20_X,1,516272,30000,1,6
701087,2023-06-15,KM11_Y,1,581157,0,1,6
701088,2023-06-16,KB20_X,3,503405,0,1,6
701089,2023-06-16,KB20_X,4,439590,0,2,5
701090,2023-06-16,KS05_T,4,506894,30000,2,6
701091,2023-06-16,KA14_H,5,499544,0,2,2
701092,2023-06-16,KM11_Y,2,508169,30000,1,5
701093,2023-06-16,KA14_H,4,380484,30000,2,6
701094,2023-06-16,KB20_X,4,576351,30000,2,6
701095,2023-06-16,KS05_T,4,425846,30000,1,5
701096,2023-06-16,KS05_T,4,568156,0,2,2
701097,2023-06-17,KN17_D,4,455454,0,2,5
701098,2023-06-17,KB20_X,3,457938,30000,1,2
701099,2023-06-17,KM11_Y,3,375301,30000,2,5
701100,2023-06-17,KA14_H,4,442999,0,2,5
701101,2023-06-17,KS05_T,1,355452,30000,1,5
701102,2023-06-17,KN17_D,5,490638,30000,2,6
701103,2023-06-17,KM11_Y,3,564362,0,1,2
701104,2023-06-17,KN17_D,4,368227,0,2,5
701105,2023-06-18,KN17_D,4,458621,0,2,6
701106,2023-06-18,KA14_H,1,454959,30000,2,5
701107,2023-06-18,KB20_X,2,404583,30000,1,6
701108,2023-06-18,KM11_Y,5,409263,30000,2,2
701109,2023-06-19,KN17_D,1,484563,0,1,2
701110,2023-06-19,KA14_H,5,388400,30000,1,5
701111,2023-06-19,KB20_X,2,358981,0,2,6
701112,2023-06-19,KS05_T,2,397940,0,2,6
701113,2023-06-20,KA14_H,1,563766,30000,1,6
701114,2023-06-20,KB20_X,4,561763,0,2,5
701115,2023-06-20,KM11_Y,2,387869,30000,2,5
701116,2023-06-20,KS05_T,5,451069,30000,2,2
701117,2023-06-20,KN17_D,1,482783,30000,2,5
701118,2023-06-20,KS05_T,1,593738,30000,1,2
701119,2023-06-21,KN17_D,4,498306,0,2,6
701120,2023-06-21,KS05_T,1,351082,0,1,5
701121,2023-06-21,KS05_T,1,386719,30000,2,5
701122,2023-06-21,KS05_T,5,531905,30000,2,5
701123,2023-06-21,KB20_X,2,529969,30000,1,5
701124,2023-06-21,KM11_Y,5,522855,30000,2,6
701125,2023-06-21,KB20_X,1,362803,30000,2,5
701126,2023-06-22,KS05_T,1,564726,30000,2,5
701127,2023-06-22,KM11_Y,3,463005,30000,1,2
701128,2023-06-22,KA14_H,3,599320,30000,2,5
701129,2023-06-22,KS05_T,2,450919,30000,2,5
701130,2023-06-22,KS05_T,4,574131,0,1,5
701131,2023-06-22,KA14_H,1,444825,0,2,5
701132,2023-06-23,KN17_D,2,407788,30000,1,2
701133,2023-06-23,KS05_T,4,500086,0,2,2
701134,2023-06-23,KA14_H,4,576710,0,2,2
701135,2023-06-23,KS05_T,3,512572,30000,2,6
701136,2023-06-23,KB20_X,3,404800,0,1,5
701137,2023-06-24,KB20_X,1,540313,30000,2,2
701138,2023-06-24,KN17_D,4,521451,0,2,2
701139,2023-06-24,KM11_Y,1,428591,30000,2,5
701140,2023-06-24,KA14_H,4,478668,30000,1,2
701141,2023-06-24,KA14_H,5,552620,30000,1,2
701142,2023-06-24,KM11_Y,1,410263,0,1,2
701143,2023-06-25,KS05_T,3,433323,0,1,2
701144,2023-06-25,KM11_Y,1,376437,30000,2,6
701145,2023-06-25,KS05_T,5,531028,0,2,6
701146,2023-06-25,KM11_Y,4,497276,30000,2,5
701147,2023-06-25,KA14_H,5,554418,0,1,6
701148,2023-06-25,KS05_T,2,457001,30000,1,6
701149,2023-06-25,KM11_Y,2,422597,0,1,2
701150,2023-06-25,KM11_Y,5,580055,0,1,2
701151,2023-06-26,KS05_T,2,522349,30000,1,5
701152,2023-06-26,KM11_Y,1,428229,30000,1,5
701153,2023-06-26,KN17_D,2,549150,0,1,5
701154,2023-06-26,KB20_X,3,458139,30000,2,6
701155,2023-06-26,KA14_H,4,425396,0,2,2
701156,2023-06-27,KN17_D,5,579333,0,1,6
701157,2023-06-27,KM11_Y,5,520951,30000,2,5
701158,2023-06-27,KA14_H,4,529729,0,2,5
701159,2023-06-27,KS05_T,2,373397,0,2,2
701160,2023-06-27,KN17_D,5,479576,30000,1,6
701161,2023-06-27,KM11_Y,3,598612,0,2,5
701162,2023-06-28,KS05_T,5,576830,30000,2,5
701163,2023-06-28,KS05_T,2,578592,0,1,5
701164,2023-06-28,KB20_X,2,444593,0,2,6
701165,2023-06-28,KA14_H,5,459864,30000,1,6
701166,2023-06-28,KM11_Y,5,503290,0,1,5
701167,2023-06-28,KB20_X,3,481007,30000,2,2
701168,2023-06-28,KB20_X,1,372455,0,2,6
701169,2023-06-28,KS05_T,2,563490,30000,1,5
701170,2023-06-28,KA14_H,2,458049,30000,1,2
701171,2023-06-29,KA14_H,2,450932,0,1,6
701172,2023-06-29,KM11_Y,4,400658,30000,2,2
701173,2023-06-29,KN17_D,2,477580,0,2,5
701174,2023-06-29,KB20_X,3,448475,0,1,2
701175,2023-06-29,KA14_H,5,353577,0,1,5
701176,2023-06-29,KA14_H,3,391205,30000,2,2
701177,2023-06-29,KS05_T,1,565369,30000,2,6
