order_id,created_date_time,sku_code,quantity,price,discount,status_code,sales_channel_name
500000,2023-01-01,KS05_T,1,401214,0,Success,Shopee.vn
500001,2023-01-01,KS05_T,3,486330,20000,Shipping,Tiktok Shop
500002,2023-01-01,KN17_D,1,362666,0,Returning,Lazada.vn
500003,2023-01-01,KS05_T,3,358392,50000,Success,Shopee.vn
500004,2023-01-01,KM11_Y,3,565723,50000,Success,Tiktok Shop
500005,2023-01-01,KS05_T,3,463252,20000,Shipping,Shopee.vn
500006,2023-01-01,KM11_Y,2,448806,20000,Success,Tiktok Shop
500007,2023-01-01,KS05_T,3,568126,0,Success,Facebook
500008,2023-01-01,KN17_D,3,400015,20000,Success,Facebook
500009,2023-01-02,KM11_Y,3,552982,0,Success,Facebook
500010,2023-01-02,KB20_X,1,412623,20000,Success,Website
500011,2023-01-02,KA14_H,2,414044,0,Success,Website
500012,2023-01-02,KB20_X,2,524013,20000,Success,Website
500013,2023-01-02,KS05_T,3,475117,0,Success,Tiktok Shop
500014,2023-01-02,KS05_T,1,405016,20000,Success,Tiktok Shop
500015,2023-01-02,KS05_T,2,353748,0,Success,Website
500016,2023-01-02,KN17_D,2,411087,50000,Success,Website
500017,2023-01-03,KS05_T,2,543075,50000,Success,Lazada.vn
500018,2023-01-03,KN17_D,1,417172,0,Returning,Tiktok Shop
500019,2023-01-03,KS05_T,2,584113,50000,Success,Facebook
500020,2023-01-03,KS05_T,1,527789,0,Success,Lazada.vn
500021,2023-01-03,KB20_X,3,448506,50000,Success,Facebook
500022,2023-01-04,KA14_H,2,439045,20000,Shipping,Shopee.vn
500023,2023-01-04,KS05_T,3,590965,50000,Success,Website
500024,2023-01-04,KB20_X,3,462547,20000,Shipping,Tiktok Shop
500025,2023-01-04,KB20_X,3,564835,0,Success,Lazada.vn
500026,2023-01-04,KS05_T,3,358155,0,Success,Lazada.vn
500027,2023-01-04,KN17_D,3,396843,50000,Shipping,Shopee.vn
500028,2023-01-04,KB20_X,1,483121,0,Success,Website
500029,2023-01-04,KM11_Y,1,379855,20000,Success,Shopee.vn
500030,2023-01-05,KN17_D,3,354499,50000,Success,Shopee.vn
500031,2023-01-05,KB20_X,3,466336,50000,Shipping,Website
500032,2023-01-05,KN17_D,2,388360,20000,Returning,Lazada.vn
500033,2023-01-05,KA14_H,2,352869,20000,Success,Shopee.vn
500034,2023-01-05,KB20_X,1,388467,0,Success,Website
500035,2023-01-05,KN17_D,1,420271,0,Success,Tiktok Shop
500036,2023-01-05,KN17_D,2,369830,0,Success,Facebook
500037,2023-01-06,KN17_D,3,399377,0,Success,Website
500038,2023-01-06,KS05_T,1,443179,0,Success,Website
500039,2023-01-06,KN17_D,1,455983,0,Returning,Facebook
500040,2023-01-06,KM11_Y,2,528274,50000,Success,Facebook
500041,2023-01-06,KS05_T,2,526308,20000,Returning,Shopee.vn
500042,2023-01-06,KB20_X,3,491564,0,Success,Shopee.vn
500043,2023-01-06,KN17_D,2,515656,0,Returning,Lazada.vn
500044,2023-01-07,KA14_H,3,361093,20000,Success,Tiktok Shop
500045,2023-01-07,KA14_H,2,526089,0,Shipping,Shopee.vn
500046,2023-01-07,KN17_D,2,586719,20000,Success,Lazada.vn
500047,2023-01-07,KN17_D,2,379592,50000,Returning,Lazada.vn
500048,2023-01-07,KS05_T,1,352368,50000,Shipping,Website
500049,2023-01-07,KN17_D,3,474046,50000,Success,Tiktok Shop
500050,2023-01-07,KS05_T,2,530798,0,Success,Lazada.vn
500051,2023-01-08,KS05_T,2,477813,20000,Success,Website
500052,2023-01-08,KM11_Y,1,561207,0,Success,Website
500053,2023-01-08,KM11_Y,3,437235,0,Success,Website
500054,2023-01-08,KN17_D,3,553687,50000,Success,Lazada.vn
500055,2023-01-08,KB20_X,2,433613,20000,Shipping,Tiktok Shop
500056,2023-01-08,KB20_X,2,462566,0,Success,Facebook
500057,2023-01-09,KS05_T,1,466352,0,Returning,Lazada.vn
500058,2023-01-09,KS05_T,1,464548,0,Returning,Facebook
500059,2023-01-09,KM11_Y,3,554738,50000,Success,Tiktok Shop
500060,2023-01-09,KM11_Y,2,565736,0,Success,Facebook
500061,2023-01-09,KS05_T,2,577053,0,Shipping,Website
500062,2023-01-09,KA14_H,2,516319,0,Success,Shopee.vn
500063,2023-01-09,KM11_Y,3,454185,0,Returning,Website
500064,2023-01-09,KA14_H,3,546489,0,Returning,Shopee.vn
500065,2023-01-09,KM11_Y,1,485683,50000,Success,Lazada.vn
500066,2023-01-09,KS05_T,3,547459,50000,Success,Tiktok Shop
500067,2023-01-10,KS05_T,1,551660,20000,Shipping,Website
500068,2023-01-10,KN17_D,1,388304,50000,Returning,Website
500069,2023-01-10,KM11_Y,1,567099,20000,Success,Facebook
500070,2023-01-10,KN17_D,2,450386,20000,Success,Facebook
500071,2023-01-10,KA14_H,2,425353,0,Shipping,Shopee.vn
500072,2023-01-10,KB20_X,2,439588,0,Success,Facebook
500073,2023-01-10,KB20_X,1,410692,0,Success,Lazada.vn
500074,2023-01-10,KM11_Y,1,516807,50000,Success,Tiktok Shop
500075,2023-01-11,KA14_H,1,546582,50000,Success,Facebook
500076,2023-01-11,KB20_X,1,501222,0,Shipping,Tiktok Shop
500077,2023-01-11,KS05_T,2,461888,0,Success,Shopee.vn
500078,2023-01-11,KM11_Y,3,389954,0,Success,Facebook
500079,2023-01-11,KS05_T,3,518011,0,Success,Website
500080,2023-01-11,KN17_D,2,355486,50000,Success,Tiktok Shop
500081,2023-01-11,KB20_X,1,578275,20000,Success,Facebook
500082,2023-01-11,KS05_T,3,434076,0,Success,Lazada.vn
500083,2023-01-12,KN17_D,3,424460,20000,Shipping,Website
500084,2023-01-12,KS05_T,2,563945,50000,Shipping,Facebook
500085,2023-01-12,KA14_H,1,443105,20000,Shipping,Facebook
500086,2023-01-12,KM11_Y,1,404693,20000,Success,Facebook
500087,2023-01-12,KS05_T,2,588067,0,Returning,Shopee.vn
500088,2023-01-12,KM11_Y,2,570411,20000,Success,Website
500089,2023-01-12,KN17_D,2,536201,20000,Success,Tiktok Shop
500090,2023-01-12,KM11_Y,1,567841,50000,Success,Website
500091,2023-01-12,KB20_X,1,506542,0,Shipping,Tiktok Shop
500092,2023-01-13,KB20_X,2,416040,20000,Success,Shopee.vn
500093,2023-01-13,KS05_T,2,592804,0,Shipping,Facebook
500094,2023-01-13,KM11_Y,1,584286,0,Success,Facebook
500095,2023-01-13,KN17_D,1,441362,20000,Returning,Lazada.vn
500096,2023-01-13,KS05_T,1,388413,20000,Success,Facebook
500097,2023-01-13,KN17_D,3,505576,20000,Success,Website
500098,2023-01-13,KB20_X,1,510775,0,Success,Lazada.vn
500099,2023-01-13,KA14_H,2,383307,50000,Success,Website
500100,2023-01-13,KN17_D,2,471790,0,Success,Facebook
500101,2023-01-14,KM11_Y,1,377532,0,Success,Lazada.vn
500102,2023-01-14,KN17_D,1,400990,0,Success,Lazada.vn
500103,2023-01-14,KN17_D,1,518964,20000,Success,Shopee.vn
500104,2023-01-14,KA14_H,3,462816,20000,Success,Shopee.vn
500105,2023-01-14,KN17_D,3,567776,0,Success,Shopee.vn
500106,2023-01-14,KN17_D,3,481456,0,Success,Website
500107,2023-01-14,KS05_T,1,448142,0,Returning,Facebook
500108,2023-01-14,KM11_Y,1,360916,0,Shipping,Shopee.vn
500109,2023-01-15,KS05_T,2,515888,20000,Success,Website
500110,2023-01-15,KS05_T,1,526615,50000,Success,Lazada.vn
500111,2023-01-15,KA14_H,2,411877,0,Shipping,Lazada.vn
500112,2023-01-15,KB20_X,1,465765,50000,Success,Tiktok Shop
500113,2023-01-15,KS05_T,1,534943,20000,Success,Facebook
500114,2023-01-15,KM11_Y,2,518513,20000,Success,Website
500115,2023-01-15,KA14_H,2,588897,0,Success,Tiktok Shop
500116,2023-01-15,KN17_D,3,425745,50000,Success,Shopee.vn
500117,2023-01-15,KB20_X,2,420390,0,Shipping,Facebook
500118,2023-01-16,KB20_X,2,405479,0,Success,Website
500119,2023-01-16,KB20_X,1,573777,0,Success,Facebook
500120,2023-01-16,KN17_D,3,493087,20000,Success,Shopee.vn
500121,2023-01-16,KN17_D,2,503487,50000,Success,Website
500122,2023-01-16,KS05_T,3,564879,20000,Success,Lazada.vn
500123,2023-01-16,KM11_Y,2,492386,20000,Shipping,Lazada.vn
500124,2023-01-16,KB20_X,2,386668,0,Success,Shopee.vn
500125,2023-01-16,KM11_Y,1,497979,0,Shipping,Shopee.vn
500126,2023-01-16,KA14_H,1,562890,0,Success,Shopee.vn
500127,2023-01-17,KN17_D,3,468831,0,Success,Website
500128,2023-01-17,KS05_T,1,560786,0,Returning,Lazada.vn
500129,2023-01-17,KB20_X,3,417661,50000,Shipping,Lazada.vn
500130,2023-01-17,KN17_D,3,486198,20000,Shipping,Tiktok Shop
500131,2023-01-17,KB20_X,1,468033,0,Success,Tiktok Shop
500132,2023-01-17,KS05_T,3,461076,50000,Success,Shopee.vn
500133,2023-01-17,KS05_T,3,487301,0,Success,Shopee.vn
500134,2023-01-17,KS05_T,1,459779,0,Success,Tiktok Shop
500135,2023-01-17,KS05_T,1,474049,20000,Success,Lazada.vn
500136,2023-01-17,KS05_T,3,562521,0,Success,Website
500137,2023-01-18,KA14_H,3,425703,20000,Returning,Facebook
500138,2023-01-18,KS05_T,1,466148,0,Success,Website
500139,2023-01-18,KN17_D,2,426125,20000,Success,Shopee.vn
500140,2023-01-18,KN17_D,3,581966,50000,Success,Lazada.vn
500141,2023-01-18,KB20_X,3,472883,20000,Shipping,Shopee.vn
500142,2023-01-18,KN17_D,2,584936,0,Success,Lazada.vn
500143,2023-01-19,KM11_Y,1,487541,0,Success,Tiktok Shop
500144,2023-01-19,KB20_X,1,526659,0,Success,Shopee.vn
500145,2023-01-19,KA14_H,2,591983,0,Success,Tiktok Shop
500146,2023-01-19,KB20_X,1,597786,20000,Success,Lazada.vn
500147,2023-01-19,KA14_H,1,437958,0,Returning,Facebook
500148,2023-01-19,KA14_H,1,482414,0,Success,Shopee.vn
500149,2023-01-19,KN17_D,3,429767,0,Success,Shopee.vn
500150,2023-01-20,KB20_X,2,477309,0,Shipping,Shopee.vn
500151,2023-01-20,KA14_H,3,474450,0,Shipping,Website
500152,2023-01-20,KM11_Y,3,522904,0,Success,Tiktok Shop
500153,2023-01-20,KM11_Y,1,500354,20000,Success,Website
500154,2023-01-20,KS05_T,1,564057,0,Success,Tiktok Shop
500155,2023-01-20,KM11_Y,2,552592,20000,Success,Shopee.vn
500156,2023-01-20,KS05_T,1,515088,20000,Success,Facebook
500157,2023-01-20,KN17_D,3,417506,0,Returning,Tiktok Shop
500158,2023-01-20,KA14_H,3,470430,0,Success,Tiktok Shop
500159,2023-01-21,KM11_Y,2,447720,0,Shipping,Tiktok Shop
500160,2023-01-21,KS05_T,2,417779,0,Shipping,Facebook
500161,2023-01-21,KN17_D,2,524944,0,Shipping,Website
500162,2023-01-21,KM11_Y,3,582604,50000,Success,Website
500163,2023-01-21,KB20_X,1,370609,20000,Success,Tiktok Shop
500164,2023-01-21,KB20_X,2,474714,20000,Success,Tiktok Shop
500165,2023-01-21,KA14_H,2,590773,50000,Success,Lazada.vn
500166,2023-01-21,KN17_D,2,556988,50000,Success,Shopee.vn
500167,2023-01-22,KB20_X,3,566523,50000,Success,Website
500168,2023-01-22,KM11_Y,1,454263,20000,Success,Website
500169,2023-01-22,KA14_H,1,567138,0,Success,Shopee.vn
500170,2023-01-22,KN17_D,3,384560,0,Success,Lazada.vn
500171,2023-01-22,KB20_X,2,467718,0,Success,Tiktok Shop
500172,2023-01-23,KM11_Y,3,406264,0,Success,Website
500173,2023-01-23,KS05_T,1,447945,0,Success,Website
500174,2023-01-23,KS05_T,2,589690,0,Success,Lazada.vn
500175,2023-01-23,KN17_D,2,386368,50000,Success,Website
500176,2023-01-23,KN17_D,3,596965,50000,Success,Website
500177,2023-01-23,KM11_Y,1,471008,0,Success,Lazada.vn
500178,2023-01-23,KB20_X,2,453892,0,Success,Website
500179,2023-01-23,KS05_T,1,583619,0,Shipping,Facebook
500180,2023-01-23,KS05_T,3,556592,50000,Success,Tiktok Shop
500181,2023-01-23,KN17_D,3,443501,50000,Success,Shopee.vn
500182,2023-01-23,KM11_Y,1,440397,50000,Success,Lazada.vn
500183,2023-01-24,KN17_D,3,509937,0,Success,Lazada.vn
500184,2023-01-24,KN17_D,3,415155,0,Success,Tiktok Shop
500185,2023-01-24,KA14_H,2,481026,0,Success,Shopee.vn
500186,2023-01-24,KB20_X,2,566454,0,Success,Shopee.vn
500187,2023-01-24,KN17_D,3,426218,20000,Success,Shopee.vn
500188,2023-01-25,KM11_Y,3,389986,0,Success,Lazada.vn
500189,2023-01-25,KN17_D,2,556111,50000,Shipping,Website
500190,2023-01-25,KB20_X,1,477157,0,Success,Lazada.vn
500191,2023-01-25,KA14_H,3,366032,20000,Shipping,Facebook
500192,2023-01-25,KN17_D,1,512491,0,Shipping,Facebook
500193,2023-01-25,KB20_X,3,453145,20000,Success,Website
500194,2023-01-25,KB20_X,1,514644,0,Shipping,Shopee.vn
500195,2023-01-25,KA14_H,1,488155,20000,Returning,Website
500196,2023-01-25,KS05_T,2,529357,50000,Returning,Shopee.vn
500197,2023-01-25,KA14_H,3,377856,0,Shipping,Lazada.vn
500198,2023-01-25,KM11_Y,1,410774,0,Success,Tiktok Shop
500199,2023-01-26,KB20_X,2,588009,0,Success,Facebook
500200,2023-01-26,KN17_D,2,578497,50000,Success,Website
500201,2023-01-26,KS05_T,2,507729,0,Success,Lazada.vn
500202,2023-01-26,KB20_X,3,398756,0,Success,Tiktok Shop
500203,2023-01-26,KS05_T,3,563637,20000,Success,Website
500204,2023-01-26,KM11_Y,1,397924,20000,Success,Shopee.vn
500205,2023-01-26,KA14_H,1,439563,0,Success,Lazada.vn
500206,2023-01-26,KB20_X,2,597146,0,Success,Website
500207,2023-01-26,KN17_D,2,403276,0,Shipping,Tiktok Shop
500208,2023-01-26,KB20_X,1,505834,20000,Success,Lazada.vn
500209,2023-01-27,KM11_Y,1,409129,50000,Success,Tiktok Shop
500210,2023-01-27,KN17_D,3,493184,0,Returning,Tiktok Shop
500211,2023-01-27,KA14_H,1,513993,0,Success,Shopee.vn
500212,2023-01-27,KS05_T,1,384008,0,Success,Lazada.vn
500213,2023-01-27,KS05_T,3,374354,20000,Success,Website
500214,2023-01-27,KB20_X,3,566541,0,Success,Tiktok Shop
500215,2023-01-27,KM11_Y,3,419626,0,Success,Lazada.vn
500216,2023-01-27,KS05_T,3,407134,50000,Success,Tiktok Shop
500217,2023-01-27,KM11_Y,1,482822,0,Success,Shopee.vn
500218,2023-01-27,KA14_H,1,427454,20000,Returning,Facebook
500219,2023-01-27,KA14_H,3,509007,0,Success,Shopee.vn
500220,2023-01-28,KA14_H,1,369541,0,Success,Facebook
500221,2023-01-28,KS05_T,3,430559,50000,Returning,Facebook
500222,2023-01-28,KA14_H,3,535309,50000,Shipping,Lazada.vn
500223,2023-01-28,KN17_D,2,416150,0,Success,Tiktok Shop
500224,2023-01-28,KB20_X,1,560017,20000,Success,Lazada.vn
500225,2023-01-28,KB20_X,3,537918,50000,Success,Facebook
500226,2023-01-28,KS05_T,1,508417,0,Shipping,Lazada.vn
500227,2023-01-28,KB20_X,2,460017,20000,Success,Lazada.vn
500228,2023-01-28,KN17_D,3,556604,0,Success,Tiktok Shop
500229,2023-01-28,KN17_D,3,457309,50000,Success,Shopee.vn
500230,2023-01-28,KM11_Y,2,423972,50000,Success,Website
500231,2023-01-29,KS05_T,2,455373,0,Success,Website
500232,2023-01-29,KM11_Y,1,382733,0,Success,Lazada.vn
500233,2023-01-29,KB20_X,2,462573,0,Success,Shopee.vn
500234,2023-01-29,KM11_Y,2,593662,0,Success,Shopee.vn
500235,2023-01-29,KB20_X,3,393001,0,Shipping,Tiktok Shop
500236,2023-01-29,KB20_X,2,481878,50000,Shipping,Tiktok Shop
500237,2023-01-29,KM11_Y,2,529352,20000,Returning,Tiktok Shop
500238,2023-01-29,KB20_X,1,562542,0,Success,Facebook
500239,2023-01-29,KA14_H,3,411665,0,Success,Shopee.vn
500240,2023-01-29,KA14_H,3,495271,0,Shipping,Shopee.vn
500241,2023-01-29,KS05_T,3,543555,0,Success,Tiktok Shop
500242,2023-01-30,KN17_D,2,506497,0,Returning,Tiktok Shop
500243,2023-01-30,KN17_D,2,404028,50000,Shipping,Shopee.vn
500244,2023-01-30,KS05_T,2,433300,0,Success,Tiktok Shop
500245,2023-01-30,KN17_D,1,415160,20000,Returning,Website
500246,2023-01-30,KA14_H,1,396542,50000,Returning,Tiktok Shop
500247,2023-01-30,KN17_D,2,375559,50000,Success,Tiktok Shop
500248,2023-01-31,KA14_H,2,575733,0,Success,Facebook
500249,2023-01-31,KB20_X,1,436988,0,Success,Facebook
500250,2023-01-31,KM11_Y,3,500201,20000,Success,Lazada.vn
500251,2023-01-31,KN17_D,1,449616,0,Success,Website
500252,2023-01-31,KS05_T,3,546154,50000,Shipping,Tiktok Shop
500253,2023-01-31,KM11_Y,1,507364,0,Success,Tiktok Shop
500254,2023-01-31,KB20_X,3,544692,20000,Returning,Shopee.vn
500255,2023-01-31,KN17_D,3,397638,0,Success,Tiktok Shop
500256,2023-01-31,KM11_Y,2,392534,20000,Success,Lazada.vn
500257,2023-02-01,KM11_Y,1,441659,20000,Success,Facebook
500258,2023-02-01,KN17_D,1,478232,0,Success,Lazada.vn
500259,2023-02-01,KB20_X,1,482079,0,Success,Lazada.vn
500260,2023-02-01,KS05_T,2,411246,50000,Success,Facebook
500261,2023-02-01,KM11_Y,2,494579,50000,Success,Lazada.vn
500262,2023-02-01,KB20_X,3,593903,0,Shipping,Shopee.vn
500263,2023-02-01,KA14_H,2,598512,0,Success,Tiktok Shop
500264,2023-02-01,KA14_H,2,504893,50000,Success,Website
500265,2023-02-01,KB20_X,3,437266,50000,Shipping,Facebook
500266,2023-02-01,KN17_D,1,357813,20000,Success,Tiktok Shop
500267,2023-02-02,KA14_H,3,525641,0,Success,Facebook
500268,2023-02-02,KB20_X,1,439186,0,Shipping,Facebook
500269,2023-02-02,KM11_Y,3,373411,50000,Success,Website
500270,2023-02-02,KN17_D,3,402930,0,Returning,Website
500271,2023-02-02,KM11_Y,1,520286,50000,Shipping,Website
500272,2023-02-02,KN17_D,1,513268,20000,Success,Lazada.vn
500273,2023-02-02,KB20_X,2,501054,0,Success,Shopee.vn
500274,2023-02-03,KB20_X,2,519230,50000,Success,Website
500275,2023-02-03,KS05_T,1,517516,0,Success,Tiktok Shop
500276,2023-02-03,KA14_H,3,542860,50000,Success,Website
500277,2023-02-03,KA14_H,3,496323,0,Success,Shopee.vn
500278,2023-02-03,KB20_X,1,454101,50000,Success,Facebook
500279,2023-02-04,KA14_H,3,510831,0,Success,Facebook
500280,2023-02-04,KA14_H,2,511087,0,Success,Tiktok Shop
500281,2023-02-04,KM11_Y,1,414288,50000,Shipping,Tiktok Shop
500282,2023-02-04,KN17_D,1,524480,50000,Returning,Website
500283,2023-02-04,KB20_X,1,424441,50000,Success,Website
500284,2023-02-04,KS05_T,2,356368,0,Shipping,Shopee.vn
500285,2023-02-04,KM11_Y,2,400069,20000,Success,Lazada.vn
500286,2023-02-04,KA14_H,2,477118,0,Success,Website
500287,2023-02-04,KS05_T,3,407660,20000,Shipping,Shopee.vn
500288,2023-02-05,KS05_T,3,475150,50000,Success,Website
500289,2023-02-05,KA14_H,2,506755,0,Success,Tiktok Shop
500290,2023-02-05,KB20_X,2,509033,0,Success,Tiktok Shop
500291,2023-02-05,KS05_T,2,386877,20000,Shipping,Website
500292,2023-02-05,KB20_X,1,482632,0,Success,Tiktok Shop
500293,2023-02-05,KB20_X,1,564919,0,Shipping,Tiktok Shop
500294,2023-02-05,KB20_X,2,556789,0,Success,Facebook
500295,2023-02-05,KS05_T,3,595378,50000,Success,Tiktok Shop
500296,2023-02-05,KM11_Y,1,366309,20000,Success,Website
500297,2023-02-05,KS05_T,2,462340,20000,Success,Website
500298,2023-02-06,KB20_X,2,520515,50000,Success,Shopee.vn
500299,2023-02-06,KN17_D,1,422099,0,Shipping,Website
500300,2023-02-06,KA14_H,3,376017,50000,Success,Lazada.vn
500301,2023-02-06,KN17_D,3,526313,0,Success,Tiktok Shop
500302,2023-02-06,KM11_Y,2,476503,0,Shipping,Tiktok Shop
500303,2023-02-06,KA14_H,2,593286,0,Success,Lazada.vn
500304,2023-02-06,KM11_Y,1,526037,0,Success,Website
500305,2023-02-06,KM11_Y,3,448317,50000,Success,Website
500306,2023-02-06,KA14_H,3,395893,0,Success,Shopee.vn
500307,2023-02-07,KA14_H,3,589614,0,Shipping,Website
500308,2023-02-07,KM11_Y,3,582750,20000,Success,Tiktok Shop
500309,2023-02-07,KA14_H,1,470585,50000,Shipping,Shopee.vn
500310,2023-02-07,KM11_Y,3,504571,0,Success,Website
500311,2023-02-07,KB20_X,1,385946,0,Success,Website
500312,2023-02-07,KM11_Y,1,582944,50000,Shipping,Website
500313,2023-02-07,KB20_X,3,531180,50000,Success,Lazada.vn
500314,2023-02-07,KS05_T,3,572500,50000,Success,Shopee.vn
500315,2023-02-08,KN17_D,2,426260,0,Success,Shopee.vn
500316,2023-02-08,KS05_T,3,383997,50000,Success,Facebook
500317,2023-02-08,KA14_H,3,595546,0,Returning,Lazada.vn
500318,2023-02-08,KM11_Y,1,496470,20000,Success,Tiktok Shop
500319,2023-02-08,KA14_H,3,586971,0,Success,Facebook
500320,2023-02-08,KB20_X,2,393753,50000,Success,Lazada.vn
500321,2023-02-08,KM11_Y,1,588582,50000,Success,Facebook
500322,2023-02-08,KA14_H,1,528486,20000,Returning,Lazada.vn
500323,2023-02-08,KA14_H,2,562112,0,Shipping,Shopee.vn
500324,2023-02-08,KB20_X,3,523895,0,Success,Shopee.vn
500325,2023-02-08,KS05_T,3,429134,50000,Shipping,Facebook
500326,2023-02-09,KA14_H,2,386059,0,Returning,Shopee.vn
500327,2023-02-09,KS05_T,1,568200,50000,Shipping,Facebook
500328,2023-02-09,KM11_Y,3,547096,20000,Shipping,Facebook
500329,2023-02-09,KB20_X,2,354114,0,Returning,Facebook
500330,2023-02-09,KS05_T,3,506498,0,Shipping,Shopee.vn
500331,2023-02-10,KS05_T,2,584182,20000,Success,Website
500332,2023-02-10,KM11_Y,1,564432,0,Success,Tiktok Shop
500333,2023-02-10,KB20_X,2,413449,20000,Success,Lazada.vn
500334,2023-02-10,KA14_H,2,427576,20000,Success,Lazada.vn
500335,2023-02-10,KB20_X,1,545804,0,Success,Facebook
500336,2023-02-10,KA14_H,1,508670,50000,Success,Tiktok Shop
500337,2023-02-10,KA14_H,3,585946,0,Shipping,Tiktok Shop
500338,2023-02-10,KM11_Y,3,406088,50000,Returning,Website
500339,2023-02-10,KM11_Y,1,518722,0,Success,Website
500340,2023-02-11,KB20_X,2,517450,0,Shipping,Tiktok Shop
500341,2023-02-11,KA14_H,2,458177,0,Success,Website
500342,2023-02-11,KA14_H,1,436365,20000,Success,Website
500343,2023-02-11,KA14_H,3,422588,20000,Shipping,Shopee.vn
500344,2023-02-11,KA14_H,1,487513,50000,Returning,Website
500345,2023-02-11,KS05_T,1,494745,20000,Returning,Facebook
500346,2023-02-11,KB20_X,1,533321,0,Success,Lazada.vn
500347,2023-02-11,KS05_T,1,381401,50000,Shipping,Shopee.vn
500348,2023-02-11,KA14_H,3,384084,50000,Success,Tiktok Shop
500349,2023-02-12,KB20_X,3,386041,0,Success,Website
500350,2023-02-12,KA14_H,1,589030,0,Success,Shopee.vn
500351,2023-02-12,KN17_D,2,575952,20000,Success,Facebook
500352,2023-02-12,KN17_D,3,373711,20000,Success,Facebook
500353,2023-02-12,KM11_Y,1,357421,0,Returning,Tiktok Shop
500354,2023-02-12,KM11_Y,2,444018,0,Success,Shopee.vn
500355,2023-02-12,KS05_T,3,543510,50000,Success,Tiktok Shop
500356,2023-02-12,KB20_X,2,383893,0,Returning,Facebook
500357,2023-02-13,KB20_X,1,460944,50000,Success,Shopee.vn
500358,2023-02-13,KN17_D,2,418008,20000,Success,Shopee.vn
500359,2023-02-13,KB20_X,2,551659,0,Success,Facebook
500360,2023-02-13,KA14_H,3,587355,0,Success,Lazada.vn
500361,2023-02-13,KB20_X,2,475541,0,Returning,Website
500362,2023-02-13,KB20_X,2,542035,0,Success,Shopee.vn
500363,2023-02-13,KA14_H,2,438733,0,Shipping,Website
500364,2023-02-13,KS05_T,3,581055,0,Success,Website
500365,2023-02-13,KN17_D,2,572724,50000,Returning,Website
500366,2023-02-13,KS05_T,1,563277,0,Success,Lazada.vn
500367,2023-02-14,KS05_T,1,426559,50000,Shipping,Lazada.vn
500368,2023-02-14,KM11_Y,2,497235,0,Success,Facebook
500369,2023-02-14,KA14_H,1,596100,0,Returning,Shopee.vn
500370,2023-02-14,KS05_T,3,477810,50000,Success,Lazada.vn
500371,2023-02-14,KB20_X,2,583782,0,Returning,Tiktok Shop
500372,2023-02-14,KB20_X,1,571427,0,Success,Shopee.vn
500373,2023-02-14,KA14_H,2,375169,0,Success,Lazada.vn
500374,2023-02-14,KN17_D,3,576227,0,Success,Facebook
500375,2023-02-14,KN17_D,2,537226,0,Success,Website
500376,2023-02-14,KA14_H,2,486728,0,Success,Shopee.vn
500377,2023-02-14,KB20_X,3,355901,0,Success,Facebook
500378,2023-02-15,KN17_D,3,532184,0,Success,Facebook
500379,2023-02-15,KA14_H,1,586513,50000,Success,Website
500380,2023-02-15,KM11_Y,1,555342,0,Shipping,Facebook
500381,2023-02-15,KB20_X,3,428213,50000,Success,Lazada.vn
500382,2023-02-15,KB20_X,3,553218,20000,Success,Tiktok Shop
500383,2023-02-15,KA14_H,2,454792,0,Success,Lazada.vn
500384,2023-02-15,KM11_Y,3,469863,20000,Returning,Tiktok Shop
500385,2023-02-15,KS05_T,3,542660,0,Shipping,Tiktok Shop
500386,2023-02-16,KB20_X,1,447539,50000,Returning,Shopee.vn
500387,2023-02-16,KM11_Y,3,515243,50000,Success,Website
500388,2023-02-16,KB20_X,2,599062,0,Success,Website
500389,2023-02-16,KM11_Y,3,446774,20000,Success,Facebook
500390,2023-02-16,KM11_Y,2,419252,0,Success,Tiktok Shop
500391,2023-02-16,KM11_Y,2,584213,20000,Success,Lazada.vn
500392,2023-02-16,KM11_Y,1,410428,0,Shipping,Facebook
500393,2023-02-16,KM11_Y,1,450689,0,Returning,Website
500394,2023-02-16,KS05_T,3,534816,50000,Success,Facebook
500395,2023-02-16,KB20_X,3,379300,0,Success,Lazada.vn
500396,2023-02-16,KB20_X,2,371223,20000,Success,Website
500397,2023-02-17,KA14_H,1,545113,0,Success,Shopee.vn
500398,2023-02-17,KS05_T,1,454576,0,Success,Facebook
500399,2023-02-17,KS05_T,2,440353,0,Success,Facebook
500400,2023-02-17,KB20_X,3,477734,0,Success,Shopee.vn
500401,2023-02-17,KS05_T,3,506503,0,Success,Website
500402,2023-02-17,KS05_T,3,573332,50000,Success,Shopee.vn
500403,2023-02-17,KN17_D,1,357788,20000,Success,Shopee.vn
500404,2023-02-17,KM11_Y,1,444439,0,Success,Website
500405,2023-02-17,KN17_D,3,584706,20000,Shipping,Tiktok Shop
500406,2023-02-18,KA14_H,1,588340,0,Shipping,Lazada.vn
500407,2023-02-18,KB20_X,1,498702,50000,Shipping,Shopee.vn
500408,2023-02-18,KS05_T,2,577790,0,Success,Website
500409,2023-02-18,KB20_X,2,523672,0,Returning,Lazada.vn
500410,2023-02-18,KA14_H,1,566739,50000,Success,Lazada.vn
500411,2023-02-18,KM11_Y,1,389071,20000,Success,Website
500412,2023-02-18,KA14_H,3,497977,20000,Success,Lazada.vn
500413,2023-02-19,KS05_T,1,420119,20000,Success,Lazada.vn
500414,2023-02-19,KS05_T,2,442949,50000,Success,Facebook
500415,2023-02-19,KB20_X,3,448989,0,Success,Tiktok Shop
500416,2023-02-19,KA14_H,2,529830,20000,Shipping,Shopee.vn
500417,2023-02-19,KA14_H,1,509116,0,Success,Website
500418,2023-02-19,KN17_D,2,408005,20000,Success,Website
500419,2023-02-19,KM11_Y,1,435457,0,Success,Website
500420,2023-02-19,KN17_D,2,394638,20000,Success,Website
500421,2023-02-19,KM11_Y,2,353754,0,Success,Tiktok Shop
500422,2023-02-19,KN17_D,3,532684,0,Shipping,Shopee.vn
500423,2023-02-19,KM11_Y,3,438199,0,Success,Shopee.vn
500424,2023-02-20,KM11_Y,3,563440,50000,Success,Lazada.vn
500425,2023-02-20,KA14_H,3,418056,0,Shipping,Tiktok Shop
500426,2023-02-20,KN17_D,2,512728,50000,Shipping,Website
500427,2023-02-20,KB20_X,2,458777,0,Shipping,Website
500428,2023-02-20,KS05_T,2,465725,0,Returning,Shopee.vn
500429,2023-02-20,KB20_X,3,517823,20000,Shipping,Tiktok Shop
500430,2023-02-20,KM11_Y,2,450483,20000,Success,Website
500431,2023-02-20,KA14_H,2,464914,0,Success,Facebook
500432,2023-02-21,KM11_Y,2,442197,0,Success,Shopee.vn
500433,2023-02-21,KM11_Y,1,377766,20000,Success,Tiktok Shop
500434,2023-02-21,KM11_Y,2,445286,50000,Success,Lazada.vn
500435,2023-02-21,KA14_H,3,544718,50000,Shipping,Shopee.vn
500436,2023-02-21,KN17_D,2,530887,0,Shipping,Lazada.vn
500437,2023-02-21,KM11_Y,3,596627,50000,Success,Facebook
500438,2023-02-21,KB20_X,2,378854,0,Success,Lazada.vn
500439,2023-02-21,KB20_X,1,434730,50000,Shipping,Tiktok Shop
500440,2023-02-21,KS05_T,2,556636,0,Success,Website
500441,2023-02-21,KB20_X,3,565002,20000,Success,Website
500442,2023-02-22,KS05_T,2,353471,0,Success,Facebook
500443,2023-02-22,KA14_H,2,396850,0,Shipping,Facebook
500444,2023-02-22,KS05_T,3,433820,20000,Returning,Lazada.vn
500445,2023-02-22,KN17_D,2,420553,20000,Success,Facebook
500446,2023-02-22,KB20_X,1,594809,50000,Success,Lazada.vn
500447,2023-02-22,KB20_X,2,496150,20000,Success,Shopee.vn
500448,2023-02-22,KS05_T,2,475736,0,Success,Website
500449,2023-02-23,KS05_T,3,417155,50000,Success,Facebook
500450,2023-02-23,KB20_X,2,442573,0,Success,Tiktok Shop
500451,2023-02-23,KB20_X,2,498087,0,Success,Lazada.vn
500452,2023-02-23,KS05_T,1,399733,50000,Success,Website
500453,2023-02-23,KN17_D,2,368681,20000,Success,Website
500454,2023-02-23,KA14_H,1,380682,20000,Success,Lazada.vn
500455,2023-02-23,KN17_D,3,588511,20000,Success,Lazada.vn
500456,2023-02-23,KB20_X,2,552040,0,Returning,Lazada.vn
500457,2023-02-24,KN17_D,3,515593,0,Success,Tiktok Shop
500458,2023-02-24,KN17_D,1,412292,50000,Returning,Facebook
500459,2023-02-24,KS05_T,1,357345,0,Success,Lazada.vn
500460,2023-02-24,KS05_T,3,514437,20000,Success,Facebook
500461,2023-02-24,KM11_Y,2,552779,0,Success,Shopee.vn
500462,2023-02-24,KS05_T,2,400669,0,Shipping,Lazada.vn
500463,2023-02-24,KM11_Y,1,433457,0,Shipping,Lazada.vn
500464,2023-02-24,KA14_H,2,558015,50000,Success,Website
500465,2023-02-24,KB20_X,3,398777,20000,Success,Shopee.vn
500466,2023-02-25,KM11_Y,2,413870,50000,Shipping,Facebook
500467,2023-02-25,KB20_X,2,464586,0,Success,Lazada.vn
500468,2023-02-25,KB20_X,2,379118,0,Success,Tiktok Shop
500469,2023-02-25,KB20_X,1,531801,50000,Shipping,Website
500470,2023-02-25,KS05_T,3,560097,20000,Shipping,Tiktok Shop
500471,2023-02-25,KN17_D,2,530231,50000,Success,Shopee.vn
500472,2023-02-25,KB20_X,1,488311,20000,Success,Lazada.vn
500473,2023-02-25,KA14_H,2,558139,0,Success,Tiktok Shop
500474,2023-02-25,KM11_Y,3,481354,0,Success,Shopee.vn
500475,2023-02-25,KB20_X,1,439087,50000,Shipping,Website
500476,2023-02-25,KN17_D,1,417843,0,Success,Tiktok Shop
500477,2023-02-26,KB20_X,3,430685,20000,Returning,Facebook
500478,2023-02-26,KM11_Y,1,465357,0,Success,Website
500479,2023-02-26,KA14_H,3,376170,20000,Success,Facebook
500480,2023-02-26,KS05_T,3,589968,50000,Shipping,Lazada.vn
500481,2023-02-26,KA14_H,2,569780,20000,Success,Facebook
500482,2023-02-27,KB20_X,2,445665,0,Shipping,Website
500483,2023-02-27,KS05_T,3,568561,20000,Success,Shopee.vn
500484,2023-02-27,KM11_Y,2,527109,20000,Shipping,Lazada.vn
500485,2023-02-27,KM11_Y,2,571373,0,Success,Website
500486,2023-02-27,KA14_H,1,553058,20000,Success,Tiktok Shop
500487,2023-02-28,KS05_T,1,536987,20000,Shipping,Tiktok Shop
500488,2023-02-28,KN17_D,1,539139,0,Success,Lazada.vn
500489,2023-02-28,KN17_D,3,417494,0,Shipping,Website
500490,2023-02-28,KS05_T,3,522886,50000,Success,Website
500491,2023-02-28,KA14_H,1,413278,0,Success,Facebook
500492,2023-03-01,KS05_T,1,531172,0,Shipping,Website
500493,2023-03-01,KB20_X,1,403798,0,Shipping,Facebook
500494,2023-03-01,KA14_H,3,476688,0,Success,Tiktok Shop
500495,2023-03-01,KN17_D,2,496295,0,Success,Website
500496,2023-03-01,KM11_Y,2,476498,20000,Returning,Tiktok Shop
500497,2023-03-01,KB20_X,1,489544,50000,Shipping,Lazada.vn
500498,2023-03-01,KS05_T,3,365282,20000,Shipping,Shopee.vn
500499,2023-03-02,KB20_X,1,529526,0,Shipping,Tiktok Shop
500500,2023-03-02,KB20_X,3,444840,50000,Success,Website
500501,2023-03-02,KM11_Y,1,532947,50000,Success,Shopee.vn
500502,2023-03-02,KS05_T,1,396733,20000,Success,Shopee.vn
500503,2023-03-02,KN17_D,2,475149,0,Success,Website
500504,2023-03-02,KB20_X,2,431768,0,Success,Shopee.vn
500505,2023-03-02,KM11_Y,2,447136,50000,Success,Tiktok Shop
500506,2023-03-02,KN17_D,2,540001,0,Success,Facebook
500507,2023-03-03,KM11_Y,3,488923,0,Shipping,Shopee.vn
500508,2023-03-03,KM11_Y,1,396403,20000,Shipping,Shopee.vn
500509,2023-03-03,KM11_Y,3,382174,50000,Success,Website
500510,2023-03-03,KS05_T,3,376649,50000,Success,Facebook
500511,2023-03-03,KN17_D,2,446019,0,Shipping,Website
500512,2023-03-03,KB20_X,2,380795,0,Returning,Website
500513,2023-03-03,KA14_H,2,598154,20000,Returning,Shopee.vn
500514,2023-03-03,KA14_H,1,487788,50000,Success,Tiktok Shop
500515,2023-03-04,KB20_X,2,505072,0,Success,Shopee.vn
500516,2023-03-04,KN17_D,2,355410,50000,Success,Shopee.vn
500517,2023-03-04,KM11_Y,1,404245,0,Success,Tiktok Shop
500518,2023-03-04,KB20_X,1,584073,20000,Shipping,Shopee.vn
500519,2023-03-04,KA14_H,3,415333,0,Success,Facebook
500520,2023-03-04,KS05_T,1,480576,50000,Success,Tiktok Shop
500521,2023-03-04,KS05_T,3,420028,50000,Shipping,Tiktok Shop
500522,2023-03-05,KM11_Y,3,402781,0,Success,Website
500523,2023-03-05,KN17_D,1,536356,0,Success,Shopee.vn
500524,2023-03-05,KM11_Y,2,536470,50000,Shipping,Shopee.vn
500525,2023-03-05,KN17_D,2,560262,0,Success,Shopee.vn
500526,2023-03-05,KB20_X,2,527809,0,Success,Shopee.vn
500527,2023-03-05,KB20_X,2,579010,20000,Success,Website
500528,2023-03-05,KS05_T,1,366715,0,Success,Shopee.vn
500529,2023-03-06,KA14_H,3,517708,0,Success,Tiktok Shop
500530,2023-03-06,KN17_D,1,424637,0,Success,Shopee.vn
500531,2023-03-06,KS05_T,3,527691,20000,Shipping,Tiktok Shop
500532,2023-03-06,KM11_Y,2,449932,0,Shipping,Lazada.vn
500533,2023-03-06,KS05_T,1,509741,50000,Success,Shopee.vn
500534,2023-03-06,KM11_Y,3,512777,0,Success,Shopee.vn
500535,2023-03-06,KS05_T,3,400583,0,Success,Facebook
500536,2023-03-06,KN17_D,2,471251,20000,Success,Shopee.vn
500537,2023-03-06,KM11_Y,2,542121,0,Success,Lazada.vn
500538,2023-03-06,KN17_D,3,429003,50000,Returning,Tiktok Shop
500539,2023-03-06,KA14_H,3,416677,50000,Success,Lazada.vn
500540,2023-03-07,KM11_Y,3,418803,0,Shipping,Shopee.vn
500541,2023-03-07,KB20_X,3,595404,0,Success,Website
500542,2023-03-07,KN17_D,3,394014,20000,Shipping,Tiktok Shop
500543,2023-03-07,KS05_T,1,597589,50000,Success,Lazada.vn
500544,2023-03-07,KB20_X,2,445040,20000,Success,Facebook
500545,2023-03-07,KA14_H,1,488141,50000,Returning,Tiktok Shop
500546,2023-03-07,KN17_D,1,570931,0,Success,Tiktok Shop
500547,2023-03-07,KN17_D,2,558434,0,Success,Facebook
500548,2023-03-08,KM11_Y,2,534233,0,Shipping,Facebook
500549,2023-03-08,KA14_H,1,381778,20000,Success,Lazada.vn
500550,2023-03-08,KB20_X,1,368800,0,Success,Website
500551,2023-03-08,KS05_T,1,517647,50000,Shipping,Facebook
500552,2023-03-08,KM11_Y,1,352352,0,Success,Facebook
500553,2023-03-08,KN17_D,3,400098,20000,Success,Facebook
500554,2023-03-08,KN17_D,2,480544,0,Success,Website
500555,2023-03-08,KM11_Y,3,481430,50000,Success,Website
500556,2023-03-08,KM11_Y,3,387772,20000,Shipping,Website
500557,2023-03-08,KN17_D,1,405568,20000,Shipping,Shopee.vn
500558,2023-03-08,KA14_H,3,427988,20000,Success,Website
500559,2023-03-09,KS05_T,1,589779,0,Success,Tiktok Shop
500560,2023-03-09,KM11_Y,2,505914,0,Success,Website
500561,2023-03-09,KM11_Y,2,536762,20000,Success,Shopee.vn
500562,2023-03-09,KB20_X,1,416093,0,Returning,Shopee.vn
500563,2023-03-09,KN17_D,3,453065,50000,Success,Website
500564,2023-03-09,KA14_H,2,540026,0,Success,Tiktok Shop
500565,2023-03-09,KN17_D,1,454946,0,Shipping,Facebook
500566,2023-03-09,KN17_D,2,502155,20000,Success,Website
500567,2023-03-09,KM11_Y,3,500575,20000,Success,Website
500568,2023-03-10,KS05_T,1,543392,0,Shipping,Tiktok Shop
500569,2023-03-10,KN17_D,3,471668,0,Returning,Facebook
500570,2023-03-10,KA14_H,2,517260,0,Shipping,Lazada.vn
500571,2023-03-10,KA14_H,2,350276,50000,Shipping,Shopee.vn
500572,2023-03-10,KN17_D,2,567144,0,Success,Tiktok Shop
500573,2023-03-10,KA14_H,2,518048,50000,Success,Tiktok Shop
500574,2023-03-10,KS05_T,1,490836,0,Success,Facebook
500575,2023-03-10,KM11_Y,1,361390,0,Shipping,Lazada.vn
500576,2023-03-10,KS05_T,2,404189,0,Success,Tiktok Shop
500577,2023-03-11,KN17_D,2,382955,0,Returning,Lazada.vn
500578,2023-03-11,KM11_Y,1,565122,20000,Shipping,Lazada.vn
500579,2023-03-11,KS05_T,3,493521,0,Success,Website
500580,2023-03-11,KA14_H,2,466185,0,Success,Website
500581,2023-03-11,KA14_H,3,418487,20000,Returning,Tiktok Shop
500582,2023-03-11,KM11_Y,3,597348,20000,Success,Shopee.vn
500583,2023-03-11,KM11_Y,1,515396,20000,Success,Shopee.vn
500584,2023-03-12,KS05_T,3,488262,50000,Success,Lazada.vn
500585,2023-03-12,KB20_X,2,375235,50000,Success,Lazada.vn
500586,2023-03-12,KB20_X,2,457507,0,Shipping,Website
500587,2023-03-12,KM11_Y,3,421126,50000,Success,Lazada.vn
500588,2023-03-12,KA14_H,2,529838,20000,Success,Shopee.vn
500589,2023-03-13,KS05_T,3,408608,0,Shipping,Lazada.vn
500590,2023-03-13,KS05_T,3,412551,0,Success,Facebook
500591,2023-03-13,KB20_X,1,405103,0,Returning,Shopee.vn
500592,2023-03-13,KS05_T,3,382402,0,Shipping,Website
500593,2023-03-13,KB20_X,2,463550,20000,Success,Shopee.vn
500594,2023-03-13,KB20_X,3,591060,0,Success,Lazada.vn
500595,2023-03-13,KM11_Y,1,591467,20000,Shipping,Lazada.vn
500596,2023-03-13,KM11_Y,1,448538,0,Success,Website
500597,2023-03-13,KN17_D,1,443635,20000,Returning,Shopee.vn
500598,2023-03-13,KM11_Y,3,355842,50000,Returning,Shopee.vn
500599,2023-03-13,KM11_Y,2,404575,20000,Success,Shopee.vn
500600,2023-03-14,KA14_H,2,473106,50000,Success,Shopee.vn
500601,2023-03-14,KM11_Y,2,377364,0,Success,Lazada.vn
500602,2023-03-14,KS05_T,1,402389,20000,Shipping,Shopee.vn
500603,2023-03-14,KB20_X,1,589446,0,Success,Shopee.vn
500604,2023-03-14,KB20_X,2,504626,50000,Returning,Website
500605,2023-03-14,KM11_Y,2,597221,0,Shipping,Website
500606,2023-03-14,KN17_D,3,597308,0,Shipping,Lazada.vn
500607,2023-03-15,KB20_X,3,483172,0,Success,Facebook
500608,2023-03-15,KA14_H,2,489088,50000,Returning,Tiktok Shop
500609,2023-03-15,KS05_T,3,581534,0,Success,Website
500610,2023-03-15,KM11_Y,3,446664,50000,Success,Lazada.vn
500611,2023-03-15,KS05_T,3,369611,50000,Shipping,Website
500612,2023-03-15,KA14_H,3,513317,0,Success,Shopee.vn
500613,2023-03-15,KA14_H,1,431029,20000,Success,Facebook
500614,2023-03-15,KS05_T,1,405350,0,Success,Shopee.vn
500615,2023-03-15,KB20_X,3,536740,50000,Success,Website
500616,2023-03-16,KN17_D,1,466895,20000,Shipping,Shopee.vn
500617,2023-03-16,KM11_Y,2,543594,50000,Shipping,Facebook
500618,2023-03-16,KS05_T,1,442769,0,Success,Website
500619,2023-03-16,KB20_X,2,588083,0,Returning,Facebook
500620,2023-03-16,KB20_X,2,411215,50000,Shipping,Shopee.vn
500621,2023-03-16,KN17_D,2,488731,20000,Success,Lazada.vn
500622,2023-03-16,KS05_T,2,446762,0,Success,Facebook
500623,2023-03-16,KM11_Y,3,357006,50000,Success,Shopee.vn
500624,2023-03-16,KS05_T,3,373091,0,Success,Website
500625,2023-03-16,KS05_T,3,440270,0,Success,Lazada.vn
500626,2023-03-16,KS05_T,2,474932,50000,Success,Tiktok Shop
500627,2023-03-17,KS05_T,2,508117,20000,Shipping,Facebook
500628,2023-03-17,KA14_H,1,478557,0,Success,Lazada.vn
500629,2023-03-17,KA14_H,2,417468,20000,Success,Facebook
500630,2023-03-17,KB20_X,1,574490,50000,Shipping,Tiktok Shop
500631,2023-03-17,KM11_Y,2,458042,20000,Success,Shopee.vn
500632,2023-03-17,KB20_X,3,375851,50000,Success,Tiktok Shop
500633,2023-03-17,KA14_H,2,439080,50000,Success,Shopee.vn
500634,2023-03-17,KA14_H,3,388870,20000,Success,Lazada.vn
500635,2023-03-17,KA14_H,2,539699,50000,Shipping,Tiktok Shop
500636,2023-03-17,KM11_Y,2,384064,20000,Success,Lazada.vn
500637,2023-03-18,KM11_Y,2,489271,0,Shipping,Shopee.vn
500638,2023-03-18,KN17_D,3,512384,20000,Returning,Lazada.vn
500639,2023-03-18,KM11_Y,2,508763,0,Shipping,Website
500640,2023-03-18,KM11_Y,2,369710,20000,Success,Lazada.vn
500641,2023-03-18,KB20_X,2,501094,50000,Shipping,Facebook
500642,2023-03-18,KN17_D,1,583820,20000,Shipping,Facebook
500643,2023-03-19,KB20_X,1,390695,20000,Returning,Tiktok Shop
500644,2023-03-19,KS05_T,1,442764,20000,Success,Website
500645,2023-03-19,KB20_X,1,458125,20000,Success,Tiktok Shop
500646,2023-03-19,KA14_H,2,480064,0,Returning,Facebook
500647,2023-03-19,KB20_X,1,598922,0,Success,Lazada.vn
500648,2023-03-19,KS05_T,2,505801,0,Returning,Lazada.vn
500649,2023-03-20,KN17_D,1,567192,0,Success,Shopee.vn
500650,2023-03-20,KA14_H,1,507608,0,Success,Tiktok Shop
500651,2023-03-20,KN17_D,1,503698,50000,Shipping,Tiktok Shop
500652,2023-03-20,KM11_Y,3,570462,20000,Returning,Facebook
500653,2023-03-20,KM11_Y,2,483251,20000,Success,Lazada.vn
500654,2023-03-20,KB20_X,1,370700,50000,Success,Tiktok Shop
500655,2023-03-20,KB20_X,2,574760,20000,Success,Tiktok Shop
500656,2023-03-21,KS05_T,3,441502,50000,Shipping,Facebook
500657,2023-03-21,KB20_X,2,528140,50000,Success,Website
500658,2023-03-21,KN17_D,2,472808,0,Success,Website
500659,2023-03-21,KM11_Y,1,518798,0,Success,Shopee.vn
500660,2023-03-21,KS05_T,1,353832,50000,Success,Facebook
500661,2023-03-21,KS05_T,2,569526,20000,Success,Facebook
500662,2023-03-21,KB20_X,3,538799,20000,Success,Website
500663,2023-03-21,KB20_X,2,501538,20000,Success,Shopee.vn
500664,2023-03-21,KM11_Y,1,443526,0,Success,Facebook
500665,2023-03-22,KN17_D,3,497661,0,Success,Tiktok Shop
500666,2023-03-22,KB20_X,3,476479,50000,Shipping,Facebook
500667,2023-03-22,KS05_T,3,526118,20000,Shipping,Tiktok Shop
500668,2023-03-22,KA14_H,3,428077,0,Success,Lazada.vn
500669,2023-03-22,KS05_T,1,575091,50000,Success,Shopee.vn
500670,2023-03-23,KM11_Y,1,512917,0,Success,Shopee.vn
500671,2023-03-23,KN17_D,1,360728,20000,Shipping,Tiktok Shop
500672,2023-03-23,KS05_T,3,415942,0,Shipping,Shopee.vn
500673,2023-03-23,KS05_T,2,363050,0,Success,Facebook
500674,2023-03-23,KB20_X,1,482610,0,Shipping,Website
500675,2023-03-23,KM11_Y,3,583663,0,Success,Lazada.vn
500676,2023-03-23,KB20_X,2,391328,20000,Shipping,Tiktok Shop
500677,2023-03-24,KA14_H,1,531517,0,Success,Website
500678,2023-03-24,KN17_D,1,566914,0,Success,Shopee.vn
500679,2023-03-24,KN17_D,1,499696,0,Shipping,Facebook
500680,2023-03-24,KN17_D,3,385531,50000,Success,Lazada.vn
500681,2023-03-24,KS05_T,3,497907,50000,Success,Tiktok Shop
500682,2023-03-24,KS05_T,1,477815,20000,Success,Tiktok Shop
500683,2023-03-24,KA14_H,3,436610,20000,Success,Website
500684,2023-03-24,KS05_T,1,437051,0,Success,Facebook
500685,2023-03-24,KN17_D,1,598709,0,Success,Website
500686,2023-03-24,KM11_Y,2,350887,20000,Success,Lazada.vn
500687,2023-03-25,KN17_D,2,472746,0,Success,Website
500688,2023-03-25,KS05_T,1,396163,0,Shipping,Tiktok Shop
500689,2023-03-25,KM11_Y,1,405633,20000,Success,Shopee.vn
500690,2023-03-25,KA14_H,2,454092,0,Success,Lazada.vn
500691,2023-03-25,KM11_Y,2,412120,0,Success,Website
500692,2023-03-26,KS05_T,3,568800,50000,Success,Tiktok Shop
500693,2023-03-26,KA14_H,2,382088,20000,Success,Website
500694,2023-03-26,KA14_H,2,485189,0,Success,Tiktok Shop
500695,2023-03-26,KM11_Y,3,380949,50000,Success,Website
500696,2023-03-26,KB20_X,3,575875,20000,Success,Facebook
500697,2023-03-27,KN17_D,2,515582,20000,Success,Shopee.vn
500698,2023-03-27,KS05_T,3,518035,20000,Success,Facebook
500699,2023-03-27,KB20_X,1,352642,0,Success,Facebook
500700,2023-03-27,KN17_D,2,484066,50000,Success,Website
500701,2023-03-27,KA14_H,2,599880,0,Success,Shopee.vn
500702,2023-03-27,KM11_Y,3,563808,0,Success,Shopee.vn
500703,2023-03-28,KB20_X,1,431132,0,Success,Shopee.vn
500704,2023-03-28,KA14_H,2,466506,0,Success,Website
500705,2023-03-28,KN17_D,1,575646,20000,Shipping,Tiktok Shop
500706,2023-03-28,KS05_T,3,440009,20000,Success,Shopee.vn
500707,2023-03-28,KN17_D,1,441176,0,Shipping,Facebook
500708,2023-03-28,KS05_T,1,473030,20000,Shipping,Shopee.vn
500709,2023-03-29,KM11_Y,3,355039,0,Success,Facebook
500710,2023-03-29,KA14_H,3,403053,0,Success,Lazada.vn
500711,2023-03-29,KA14_H,2,507221,20000,Shipping,Tiktok Shop
500712,2023-03-29,KM11_Y,2,557234,0,Success,Tiktok Shop
500713,2023-03-29,KN17_D,2,432409,0,Returning,Tiktok Shop
500714,2023-03-30,KS05_T,1,441829,0,Success,Tiktok Shop
500715,2023-03-30,KM11_Y,2,370025,20000,Success,Lazada.vn
500716,2023-03-30,KB20_X,2,480299,20000,Returning,Website
500717,2023-03-30,KA14_H,2,431982,0,Shipping,Lazada.vn
500718,2023-03-30,KS05_T,1,438835,0,Success,Facebook
500719,2023-03-31,KB20_X,3,488368,20000,Shipping,Lazada.vn
500720,2023-03-31,KS05_T,1,417173,0,Success,Facebook
500721,2023-03-31,KM11_Y,1,516601,50000,Success,Tiktok Shop
500722,2023-03-31,KM11_Y,3,413059,20000,Success,Facebook
500723,2023-03-31,KS05_T,3,573543,0,Success,Facebook
500724,2023-03-31,KM11_Y,3,507561,50000,Shipping,Facebook
500725,2023-03-31,KM11_Y,2,585497,0,Success,Shopee.vn
500726,2023-04-01,KM11_Y,1,481208,0,Success,Tiktok Shop
500727,2023-04-01,KS05_T,2,573492,0,Shipping,Website
500728,2023-04-01,KN17_D,2,356968,20000,Success,Facebook
500729,2023-04-01,KM11_Y,3,582076,50000,Success,Facebook
500730,2023-04-01,KS05_T,3,517527,0,Shipping,Website
500731,2023-04-02,KS05_T,2,457216,0,Success,Lazada.vn
500732,2023-04-02,KN17_D,2,502185,0,Success,Tiktok Shop
500733,2023-04-02,KB20_X,2,527385,50000,Success,Tiktok Shop
500734,2023-04-02,KB20_X,3,585004,0,Success,Shopee.vn
500735,2023-04-02,KN17_D,3,430201,50000,Shipping,Shopee.vn
500736,2023-04-02,KM11_Y,2,511121,20000,Success,Shopee.vn
500737,2023-04-03,KM11_Y,3,514044,50000,Success,Facebook
500738,2023-04-03,KM11_Y,3,434607,50000,Success,Facebook
500739,2023-04-03,KM11_Y,2,542816,20000,Success,Shopee.vn
500740,2023-04-03,KM11_Y,1,597536,0,Shipping,Shopee.vn
500741,2023-04-03,KN17_D,1,513202,20000,Shipping,Tiktok Shop
500742,2023-04-03,KA14_H,1,583269,50000,Success,Shopee.vn
500743,2023-04-04,KS05_T,2,364671,0,Success,Tiktok Shop
500744,2023-04-04,KS05_T,3,350717,0,Success,Lazada.vn
500745,2023-04-04,KS05_T,1,480830,20000,Success,Shopee.vn
500746,2023-04-04,KA14_H,3,532831,0,Success,Website
500747,2023-04-04,KS05_T,3,506379,50000,Success,Facebook
500748,2023-04-04,KA14_H,2,356476,0,Returning,Website
500749,2023-04-04,KM11_Y,3,572953,0,Success,Tiktok Shop
500750,2023-04-04,KN17_D,3,377197,50000,Success,Website
500751,2023-04-04,KN17_D,2,480526,20000,Returning,Tiktok Shop
500752,2023-04-05,KS05_T,1,364683,20000,Shipping,Facebook
500753,2023-04-05,KS05_T,1,497705,0,Shipping,Facebook
500754,2023-04-05,KA14_H,1,525458,0,Success,Website
500755,2023-04-05,KM11_Y,3,436598,50000,Success,Website
500756,2023-04-05,KM11_Y,2,458944,50000,Shipping,Tiktok Shop
500757,2023-04-05,KM11_Y,2,473683,0,Success,Lazada.vn
500758,2023-04-06,KA14_H,1,468028,20000,Success,Tiktok Shop
500759,2023-04-06,KS05_T,1,383722,0,Success,Website
500760,2023-04-06,KA14_H,3,582654,50000,Success,Lazada.vn
500761,2023-04-06,KA14_H,3,580233,20000,Success,Shopee.vn
500762,2023-04-06,KS05_T,3,534514,0,Shipping,Facebook
500763,2023-04-06,KS05_T,2,528860,50000,Success,Lazada.vn
500764,2023-04-06,KM11_Y,3,467603,20000,Success,Facebook
500765,2023-04-06,KB20_X,3,475814,0,Shipping,Lazada.vn
500766,2023-04-07,KB20_X,1,496971,50000,Success,Facebook
500767,2023-04-07,KM11_Y,3,552318,0,Success,Lazada.vn
500768,2023-04-07,KS05_T,2,593386,50000,Success,Facebook
500769,2023-04-07,KM11_Y,2,470721,0,Shipping,Shopee.vn
500770,2023-04-07,KM11_Y,2,385503,20000,Returning,Tiktok Shop
500771,2023-04-07,KM11_Y,3,424842,50000,Success,Tiktok Shop
500772,2023-04-07,KM11_Y,3,527826,20000,Success,Facebook
500773,2023-04-07,KM11_Y,1,516690,50000,Shipping,Facebook
500774,2023-04-07,KN17_D,2,429818,0,Success,Facebook
500775,2023-04-08,KA14_H,1,498447,50000,Success,Tiktok Shop
500776,2023-04-08,KA14_H,3,527359,0,Shipping,Lazada.vn
500777,2023-04-08,KN17_D,1,579443,0,Success,Tiktok Shop
500778,2023-04-08,KN17_D,2,383340,20000,Success,Tiktok Shop
500779,2023-04-08,KN17_D,2,461585,20000,Success,Tiktok Shop
500780,2023-04-08,KM11_Y,3,372164,50000,Success,Shopee.vn
500781,2023-04-08,KA14_H,2,429768,0,Success,Tiktok Shop
500782,2023-04-09,KA14_H,3,527718,0,Success,Tiktok Shop
500783,2023-04-09,KM11_Y,1,386182,0,Success,Shopee.vn
500784,2023-04-09,KS05_T,2,434425,0,Success,Website
500785,2023-04-09,KS05_T,3,366999,50000,Success,Lazada.vn
500786,2023-04-09,KS05_T,1,409821,0,Success,Lazada.vn
500787,2023-04-09,KS05_T,3,553834,20000,Success,Website
500788,2023-04-09,KN17_D,2,486285,0,Success,Facebook
500789,2023-04-09,KS05_T,2,534099,0,Success,Website
500790,2023-04-09,KN17_D,2,364995,50000,Success,Lazada.vn
500791,2023-04-10,KS05_T,3,527295,0,Success,Facebook
500792,2023-04-10,KN17_D,3,535271,50000,Success,Shopee.vn
500793,2023-04-10,KN17_D,3,598019,0,Shipping,Shopee.vn
500794,2023-04-10,KM11_Y,2,381085,50000,Success,Facebook
500795,2023-04-10,KB20_X,1,599616,50000,Shipping,Facebook
500796,2023-04-10,KN17_D,2,515386,0,Success,Website
500797,2023-04-10,KA14_H,2,506410,50000,Success,Lazada.vn
500798,2023-04-10,KB20_X,3,500611,20000,Returning,Shopee.vn
500799,2023-04-10,KB20_X,3,411799,20000,Success,Facebook
500800,2023-04-10,KB20_X,2,583510,50000,Success,Facebook
500801,2023-04-11,KB20_X,1,394825,0,Shipping,Lazada.vn
500802,2023-04-11,KA14_H,3,570534,20000,Success,Facebook
500803,2023-04-11,KA14_H,2,540359,20000,Success,Website
500804,2023-04-11,KS05_T,1,566310,20000,Success,Shopee.vn
500805,2023-04-11,KA14_H,1,471015,0,Success,Facebook
500806,2023-04-11,KS05_T,2,509090,50000,Shipping,Lazada.vn
500807,2023-04-11,KM11_Y,1,451407,0,Returning,Lazada.vn
500808,2023-04-11,KN17_D,1,404353,0,Shipping,Website
500809,2023-04-11,KB20_X,2,498690,50000,Success,Tiktok Shop
500810,2023-04-12,KB20_X,3,594056,50000,Success,Facebook
500811,2023-04-12,KM11_Y,1,548640,0,Success,Facebook
500812,2023-04-12,KS05_T,2,514109,20000,Success,Website
500813,2023-04-12,KS05_T,1,548303,20000,Success,Website
500814,2023-04-12,KM11_Y,2,404722,50000,Success,Lazada.vn
500815,2023-04-12,KM11_Y,2,422391,20000,Success,Shopee.vn
500816,2023-04-13,KN17_D,2,436402,50000,Success,Shopee.vn
500817,2023-04-13,KN17_D,3,530572,20000,Success,Website
500818,2023-04-13,KS05_T,3,544472,20000,Success,Lazada.vn
500819,2023-04-13,KB20_X,3,370862,0,Shipping,Facebook
500820,2023-04-13,KA14_H,2,554720,50000,Success,Shopee.vn
500821,2023-04-13,KB20_X,1,419504,20000,Success,Lazada.vn
500822,2023-04-13,KA14_H,3,436124,20000,Success,Tiktok Shop
500823,2023-04-13,KA14_H,3,557546,0,Success,Shopee.vn
500824,2023-04-13,KB20_X,1,499180,50000,Success,Lazada.vn
500825,2023-04-13,KS05_T,2,547478,0,Shipping,Facebook
500826,2023-04-14,KA14_H,1,445402,0,Shipping,Shopee.vn
500827,2023-04-14,KN17_D,3,445432,50000,Success,Facebook
500828,2023-04-14,KB20_X,2,403664,0,Success,Shopee.vn
500829,2023-04-14,KB20_X,3,396922,0,Success,Website
500830,2023-04-14,KS05_T,1,439037,0,Success,Tiktok Shop
500831,2023-04-14,KB20_X,1,577434,50000,Success,Tiktok Shop
500832,2023-04-14,KN17_D,3,463502,0,Success,Lazada.vn
500833,2023-04-14,KM11_Y,1,550532,50000,Returning,Lazada.vn
500834,2023-04-14,KM11_Y,1,415727,20000,Success,Shopee.vn
500835,2023-04-14,KS05_T,3,363682,20000,Success,Facebook
500836,2023-04-15,KA14_H,3,591767,20000,Success,Tiktok Shop
500837,2023-04-15,KS05_T,2,492482,50000,Success,Lazada.vn
500838,2023-04-15,KM11_Y,3,537635,50000,Success,Shopee.vn
500839,2023-04-15,KN17_D,2,576572,50000,Success,Shopee.vn
500840,2023-04-15,KS05_T,3,508395,0,Shipping,Website
500841,2023-04-15,KN17_D,2,439959,50000,Success,Shopee.vn
500842,2023-04-15,KA14_H,2,598623,50000,Success,Website
500843,2023-04-16,KB20_X,2,525595,20000,Success,Website
500844,2023-04-16,KM11_Y,1,455982,0,Success,Lazada.vn
500845,2023-04-16,KS05_T,2,588483,50000,Success,Tiktok Shop
500846,2023-04-16,KN17_D,1,568306,0,Returning,Shopee.vn
500847,2023-04-16,KN17_D,1,394724,50000,Success,Lazada.vn
500848,2023-04-16,KA14_H,3,471987,20000,Success,Shopee.vn
500849,2023-04-17,KS05_T,2,354765,20000,Success,Shopee.vn
500850,2023-04-17,KB20_X,1,547235,0,Success,Facebook
500851,2023-04-17,KS05_T,2,454188,20000,Returning,Website
500852,2023-04-17,KS05_T,1,555783,0,Success,Shopee.vn
500853,2023-04-17,KN17_D,3,522502,50000,Success,Facebook
500854,2023-04-17,KB20_X,3,418309,50000,Success,Tiktok Shop
500855,2023-04-17,KA14_H,2,403592,50000,Success,Tiktok Shop
500856,2023-04-17,KM11_Y,1,536233,0,Success,Facebook
500857,2023-04-17,KN17_D,1,592533,0,Success,Tiktok Shop
500858,2023-04-17,KA14_H,1,495083,20000,Success,Website
500859,2023-04-18,KB20_X,3,515465,0,Success,Facebook
500860,2023-04-18,KM11_Y,2,457227,0,Shipping,Lazada.vn
500861,2023-04-18,KM11_Y,3,444881,20000,Success,Shopee.vn
500862,2023-04-18,KB20_X,1,535782,0,Success,Shopee.vn
500863,2023-04-18,KS05_T,1,590830,0,Success,Facebook
500864,2023-04-18,KS05_T,2,588245,20000,Success,Shopee.vn
500865,2023-04-18,KS05_T,2,409993,0,Success,Shopee.vn
500866,2023-04-18,KM11_Y,2,411602,0,Success,Facebook
500867,2023-04-19,KM11_Y,3,399420,0,Success,Tiktok Shop
500868,2023-04-19,KB20_X,2,494341,0,Success,Shopee.vn
500869,2023-04-19,KA14_H,2,505438,0,Success,Tiktok Shop
500870,2023-04-19,KA14_H,2,425139,0,Returning,Facebook
500871,2023-04-19,KB20_X,3,488638,20000,Shipping,Website
500872,2023-04-19,KN17_D,1,532690,20000,Success,Tiktok Shop
500873,2023-04-19,KA14_H,1,372908,0,Shipping,Lazada.vn
500874,2023-04-19,KS05_T,3,518735,50000,Success,Lazada.vn
500875,2023-04-19,KM11_Y,3,593438,0,Success,Tiktok Shop
500876,2023-04-19,KB20_X,2,494771,0,Success,Facebook
500877,2023-04-19,KA14_H,3,461362,0,Success,Tiktok Shop
500878,2023-04-20,KS05_T,3,556380,0,Shipping,Website
500879,2023-04-20,KN17_D,3,514841,0,Success,Tiktok Shop
500880,2023-04-20,KA14_H,2,539073,0,Success,Facebook
500881,2023-04-20,KB20_X,2,387034,0,Success,Facebook
500882,2023-04-20,KA14_H,1,467229,50000,Success,Lazada.vn
500883,2023-04-20,KA14_H,3,400599,0,Success,Facebook
500884,2023-04-20,KA14_H,2,418207,50000,Success,Tiktok Shop
500885,2023-04-20,KA14_H,3,420442,0,Success,Website
500886,2023-04-20,KS05_T,1,391938,0,Shipping,Tiktok Shop
500887,2023-04-20,KS05_T,2,495263,20000,Success,Tiktok Shop
500888,2023-04-20,KA14_H,3,363704,50000,Success,Shopee.vn
500889,2023-04-21,KS05_T,3,578584,0,Success,Tiktok Shop
500890,2023-04-21,KM11_Y,3,559988,20000,Success,Shopee.vn
500891,2023-04-21,KB20_X,2,513052,50000,Success,Shopee.vn
500892,2023-04-21,KA14_H,2,566553,0,Success,Shopee.vn
500893,2023-04-21,KS05_T,2,427154,50000,Success,Lazada.vn
500894,2023-04-21,KN17_D,3,462138,0,Shipping,Facebook
500895,2023-04-22,KS05_T,2,355695,0,Returning,Lazada.vn
500896,2023-04-22,KA14_H,2,410410,20000,Success,Tiktok Shop
500897,2023-04-22,KA14_H,3,465700,20000,Success,Shopee.vn
500898,2023-04-22,KB20_X,3,506078,20000,Success,Website
500899,2023-04-22,KB20_X,1,577203,20000,Success,Lazada.vn
500900,2023-04-22,KN17_D,3,467018,20000,Success,Website
500901,2023-04-22,KB20_X,1,466477,20000,Shipping,Facebook
500902,2023-04-22,KS05_T,1,375095,0,Success,Website
500903,2023-04-22,KB20_X,2,573068,20000,Shipping,Lazada.vn
500904,2023-04-22,KM11_Y,1,476244,0,Success,Website
500905,2023-04-22,KB20_X,3,362748,0,Success,Facebook
500906,2023-04-23,KB20_X,1,429507,0,Success,Website
500907,2023-04-23,KA14_H,2,419855,50000,Success,Website
500908,2023-04-23,KM11_Y,3,436486,0,Success,Facebook
500909,2023-04-23,KB20_X,2,481763,50000,Success,Shopee.vn
500910,2023-04-23,KN17_D,3,494933,0,Shipping,Shopee.vn
500911,2023-04-23,KB20_X,1,564303,50000,Success,Facebook
500912,2023-04-23,KB20_X,3,504237,20000,Success,Lazada.vn
500913,2023-04-24,KM11_Y,2,577916,0,Success,Website
500914,2023-04-24,KN17_D,2,590093,20000,Success,Shopee.vn
500915,2023-04-24,KM11_Y,1,450766,20000,Returning,Lazada.vn
500916,2023-04-24,KN17_D,2,595889,0,Success,Shopee.vn
500917,2023-04-24,KM11_Y,3,353178,50000,Shipping,Facebook
500918,2023-04-24,KB20_X,3,462025,20000,Shipping,Shopee.vn
500919,2023-04-24,KS05_T,3,433291,50000,Success,Website
500920,2023-04-24,KM11_Y,2,438774,0,Success,Website
500921,2023-04-25,KN17_D,2,567034,50000,Success,Tiktok Shop
500922,2023-04-25,KM11_Y,3,563003,20000,Success,Shopee.vn
500923,2023-04-25,KA14_H,1,510399,0,Success,Website
500924,2023-04-25,KB20_X,1,412559,0,Success,Lazada.vn
500925,2023-04-25,KS05_T,1,383783,0,Success,Facebook
500926,2023-04-25,KM11_Y,2,436483,0,Success,Shopee.vn
500927,2023-04-25,KA14_H,2,460168,0,Success,Shopee.vn
500928,2023-04-25,KB20_X,2,395256,0,Success,Lazada.vn
500929,2023-04-26,KB20_X,2,378992,20000,Success,Tiktok Shop
500930,2023-04-26,KA14_H,3,543080,0,Success,Website
500931,2023-04-26,KM11_Y,1,461462,50000,Success,Facebook
500932,2023-04-26,KA14_H,2,502225,50000,Shipping,Website
500933,2023-04-26,KM11_Y,2,430077,20000,Success,Website
500934,2023-04-26,KS05_T,1,377564,50000,Success,Tiktok Shop
500935,2023-04-26,KM11_Y,3,359615,20000,Returning,Facebook
500936,2023-04-26,KN17_D,2,542230,20000,Success,Website
500937,2023-04-27,KM11_Y,3,565356,20000,Success,Website
500938,2023-04-27,KS05_T,1,511077,20000,Success,Facebook
500939,2023-04-27,KM11_Y,3,563363,20000,Shipping,Tiktok Shop
500940,2023-04-27,KN17_D,1,449572,20000,Success,Website
500941,2023-04-27,KN17_D,2,431845,0,Success,Facebook
500942,2023-04-28,KB20_X,3,544180,0,Success,Shopee.vn
500943,2023-04-28,KA14_H,1,371316,50000,Success,Shopee.vn
500944,2023-04-28,KB20_X,3,543119,20000,Shipping,Tiktok Shop
500945,2023-04-28,KM11_Y,2,445961,50000,Returning,Tiktok Shop
500946,2023-04-28,KS05_T,3,507753,0,Success,Shopee.vn
500947,2023-04-28,KA14_H,1,357493,50000,Success,Tiktok Shop
500948,2023-04-28,KS05_T,3,528363,20000,Success,Website
500949,2023-04-29,KB20_X,1,477251,0,Shipping,Tiktok Shop
500950,2023-04-29,KN17_D,2,488202,0,Shipping,Facebook
500951,2023-04-29,KB20_X,1,592773,50000,Success,Facebook
500952,2023-04-29,KM11_Y,2,425986,50000,Success,Lazada.vn
500953,2023-04-29,KA14_H,3,506697,20000,Success,Website
500954,2023-04-29,KS05_T,3,434719,20000,Returning,Tiktok Shop
500955,2023-04-29,KA14_H,2,562490,0,Success,Tiktok Shop
500956,2023-04-29,KB20_X,2,593056,0,Success,Tiktok Shop
500957,2023-04-30,KB20_X,2,433886,50000,Success,Facebook
500958,2023-04-30,KB20_X,1,579259,0,Shipping,Website
500959,2023-04-30,KN17_D,3,449956,0,Success,Shopee.vn
500960,2023-04-30,KM11_Y,1,407724,0,Success,Website
500961,2023-04-30,KB20_X,3,519439,0,Success,Lazada.vn
500962,2023-04-30,KN17_D,2,593688,20000,Shipping,Lazada.vn
500963,2023-04-30,KB20_X,3,446622,0,Success,Facebook
500964,2023-05-01,KS05_T,2,598141,20000,Success,Shopee.vn
500965,2023-05-01,KN17_D,2,578765,50000,Success,Shopee.vn
500966,2023-05-01,KN17_D,2,377241,20000,Success,Website
500967,2023-05-01,KA14_H,2,361350,0,Returning,Shopee.vn
500968,2023-05-01,KA14_H,1,367576,0,Success,Facebook
500969,2023-05-01,KA14_H,2,372490,50000,Success,Website
500970,2023-05-01,KM11_Y,2,351539,0,Success,Lazada.vn
500971,2023-05-02,KS05_T,3,413965,0,Shipping,Tiktok Shop
500972,2023-05-02,KM11_Y,3,598099,0,Success,Tiktok Shop
500973,2023-05-02,KN17_D,2,542888,0,Success,Facebook
500974,2023-05-02,KN17_D,3,366122,20000,Success,Facebook
500975,2023-05-02,KS05_T,3,583775,0,Shipping,Shopee.vn
500976,2023-05-02,KB20_X,2,554445,0,Success,Website
500977,2023-05-02,KB20_X,2,577107,0,Success,Facebook
500978,2023-05-02,KS05_T,3,399593,0,Returning,Facebook
500979,2023-05-03,KB20_X,2,505666,0,Success,Facebook
500980,2023-05-03,KS05_T,2,417616,0,Shipping,Tiktok Shop
500981,2023-05-03,KS05_T,2,399556,50000,Shipping,Shopee.vn
500982,2023-05-03,KN17_D,2,525220,20000,Success,Facebook
500983,2023-05-03,KB20_X,2,440385,20000,Success,Lazada.vn
500984,2023-05-03,KB20_X,2,453844,0,Success,Tiktok Shop
500985,2023-05-03,KA14_H,3,551283,20000,Success,Shopee.vn
500986,2023-05-03,KA14_H,1,585479,0,Success,Lazada.vn
500987,2023-05-03,KS05_T,3,574440,0,Success,Website
500988,2023-05-03,KB20_X,3,523686,0,Success,Facebook
500989,2023-05-04,KM11_Y,3,446452,0,Success,Tiktok Shop
500990,2023-05-04,KA14_H,3,427606,0,Success,Facebook
500991,2023-05-04,KN17_D,3,421042,20000,Shipping,Facebook
500992,2023-05-04,KN17_D,2,486587,20000,Shipping,Facebook
500993,2023-05-04,KN17_D,3,490167,50000,Shipping,Website
500994,2023-05-04,KB20_X,3,477572,20000,Success,Facebook
500995,2023-05-04,KN17_D,1,403051,0,Returning,Shopee.vn
500996,2023-05-04,KA14_H,1,581189,50000,Success,Website
500997,2023-05-04,KS05_T,2,556314,50000,Shipping,Shopee.vn
500998,2023-05-04,KS05_T,2,462651,0,Success,Lazada.vn
500999,2023-05-05,KS05_T,1,452166,20000,Success,Facebook
501000,2023-05-05,KN17_D,1,519489,0,Success,Website
501001,2023-05-05,KA14_H,3,509163,20000,Success,Tiktok Shop
501002,2023-05-05,KN17_D,3,536504,50000,Success,Website
501003,2023-05-05,KS05_T,2,412712,0,Success,Lazada.vn
501004,2023-05-05,KM11_Y,1,390644,0,Success,Lazada.vn
501005,2023-05-05,KA14_H,2,567033,20000,Success,Website
501006,2023-05-05,KM11_Y,2,450088,20000,Shipping,Tiktok Shop
501007,2023-05-05,KM11_Y,2,520733,0,Shipping,Website
501008,2023-05-05,KS05_T,1,371042,20000,Returning,Tiktok Shop
501009,2023-05-06,KB20_X,3,378379,50000,Shipping,Shopee.vn
501010,2023-05-06,KN17_D,3,526819,0,Success,Facebook
501011,2023-05-06,KA14_H,3,494993,20000,Success,Facebook
501012,2023-05-06,KB20_X,2,496069,50000,Success,Tiktok Shop
501013,2023-05-06,KB20_X,1,410973,50000,Success,Facebook
501014,2023-05-06,KA14_H,1,421576,0,Success,Tiktok Shop
501015,2023-05-07,KN17_D,3,584390,50000,Success,Tiktok Shop
501016,2023-05-07,KA14_H,3,468222,0,Success,Tiktok Shop
501017,2023-05-07,KM11_Y,2,353159,20000,Shipping,Tiktok Shop
501018,2023-05-07,KA14_H,3,351073,50000,Success,Tiktok Shop
501019,2023-05-07,KS05_T,1,384924,0,Shipping,Lazada.vn
501020,2023-05-07,KM11_Y,1,558048,20000,Success,Facebook
501021,2023-05-07,KB20_X,1,554827,0,Success,Lazada.vn
501022,2023-05-07,KA14_H,1,450485,20000,Success,Facebook
501023,2023-05-07,KN17_D,2,352881,50000,Success,Facebook
501024,2023-05-07,KN17_D,1,574919,20000,Success,Shopee.vn
501025,2023-05-07,KB20_X,1,389255,0,Success,Shopee.vn
501026,2023-05-08,KS05_T,1,411360,50000,Success,Lazada.vn
501027,2023-05-08,KS05_T,2,415756,20000,Shipping,Shopee.vn
501028,2023-05-08,KN17_D,1,523696,0,Success,Lazada.vn
501029,2023-05-08,KB20_X,3,470209,0,Success,Facebook
501030,2023-05-08,KM11_Y,2,586613,50000,Shipping,Tiktok Shop
501031,2023-05-08,KA14_H,2,397645,0,Success,Website
501032,2023-05-08,KB20_X,1,511096,20000,Success,Shopee.vn
501033,2023-05-08,KM11_Y,1,421833,50000,Success,Tiktok Shop
501034,2023-05-09,KB20_X,1,446502,0,Success,Lazada.vn
501035,2023-05-09,KA14_H,1,516412,50000,Returning,Lazada.vn
501036,2023-05-09,KM11_Y,3,584088,50000,Success,Shopee.vn
501037,2023-05-09,KM11_Y,3,388498,0,Success,Facebook
501038,2023-05-09,KB20_X,1,468027,0,Success,Shopee.vn
501039,2023-05-10,KA14_H,2,513639,50000,Success,Facebook
501040,2023-05-10,KM11_Y,2,546569,20000,Shipping,Shopee.vn
501041,2023-05-10,KA14_H,3,526336,0,Success,Facebook
501042,2023-05-10,KA14_H,3,350731,0,Shipping,Tiktok Shop
501043,2023-05-10,KA14_H,3,510337,20000,Success,Facebook
501044,2023-05-10,KN17_D,2,573034,50000,Success,Shopee.vn
501045,2023-05-10,KB20_X,3,351515,20000,Shipping,Shopee.vn
501046,2023-05-10,KN17_D,2,470419,20000,Success,Shopee.vn
501047,2023-05-11,KN17_D,2,556555,50000,Shipping,Lazada.vn
501048,2023-05-11,KS05_T,3,597980,0,Shipping,Lazada.vn
501049,2023-05-11,KA14_H,1,411957,50000,Success,Facebook
501050,2023-05-11,KS05_T,3,478848,0,Success,Lazada.vn
501051,2023-05-11,KN17_D,2,574737,50000,Shipping,Facebook
501052,2023-05-12,KN17_D,2,465375,0,Success,Tiktok Shop
501053,2023-05-12,KN17_D,2,551786,20000,Success,Shopee.vn
501054,2023-05-12,KM11_Y,3,592887,50000,Success,Tiktok Shop
501055,2023-05-12,KN17_D,3,501285,0,Success,Tiktok Shop
501056,2023-05-12,KS05_T,3,350463,0,Success,Shopee.vn
501057,2023-05-12,KN17_D,3,388185,0,Success,Website
501058,2023-05-12,KM11_Y,1,404970,20000,Success,Facebook
501059,2023-05-12,KN17_D,3,584941,20000,Shipping,Facebook
501060,2023-05-12,KM11_Y,3,463758,0,Success,Website
501061,2023-05-12,KA14_H,2,464165,0,Success,Tiktok Shop
501062,2023-05-13,KA14_H,3,570935,20000,Success,Facebook
501063,2023-05-13,KS05_T,2,580359,50000,Success,Website
501064,2023-05-13,KS05_T,1,391984,0,Success,Website
501065,2023-05-13,KS05_T,1,504721,0,Success,Facebook
501066,2023-05-13,KM11_Y,1,371029,0,Returning,Lazada.vn
501067,2023-05-13,KS05_T,1,497032,50000,Success,Website
501068,2023-05-13,KM11_Y,1,477732,0,Success,Lazada.vn
501069,2023-05-13,KA14_H,1,490202,0,Success,Lazada.vn
501070,2023-05-13,KB20_X,1,487126,0,Shipping,Shopee.vn
501071,2023-05-13,KS05_T,1,439156,50000,Success,Tiktok Shop
501072,2023-05-13,KS05_T,1,429335,0,Success,Shopee.vn
501073,2023-05-14,KS05_T,3,450963,0,Shipping,Lazada.vn
501074,2023-05-14,KM11_Y,2,393258,0,Shipping,Shopee.vn
501075,2023-05-14,KS05_T,1,350215,50000,Success,Lazada.vn
501076,2023-05-14,KN17_D,3,393066,50000,Shipping,Lazada.vn
501077,2023-05-14,KS05_T,3,378899,50000,Returning,Lazada.vn
501078,2023-05-14,KA14_H,2,485639,50000,Success,Lazada.vn
501079,2023-05-15,KM11_Y,1,481300,20000,Success,Lazada.vn
501080,2023-05-15,KS05_T,3,569793,20000,Success,Lazada.vn
501081,2023-05-15,KA14_H,2,517619,20000,Shipping,Lazada.vn
501082,2023-05-15,KA14_H,3,576599,0,Success,Shopee.vn
501083,2023-05-15,KB20_X,2,444000,50000,Shipping,Facebook
501084,2023-05-15,KM11_Y,2,598328,20000,Success,Lazada.vn
501085,2023-05-15,KN17_D,3,459765,50000,Returning,Tiktok Shop
501086,2023-05-15,KS05_T,2,415776,0,Success,Tiktok Shop
501087,2023-05-15,KS05_T,3,554603,20000,Success,Facebook
501088,2023-05-15,KN17_D,2,509132,20000,Success,Lazada.vn
501089,2023-05-16,KA14_H,3,391081,0,Success,Shopee.vn
501090,2023-05-16,KN17_D,3,374466,0,Success,Tiktok Shop
501091,2023-05-16,KA14_H,1,414384,50000,Shipping,Facebook
501092,2023-05-16,KS05_T,3,457392,20000,Shipping,Website
501093,2023-05-16,KN17_D,1,359269,50000,Success,Website
501094,2023-05-17,KB20_X,2,454127,20000,Success,Tiktok Shop
501095,2023-05-17,KB20_X,1,369782,50000,Success,Facebook
501096,2023-05-17,KB20_X,2,428863,20000,Success,Lazada.vn
501097,2023-05-17,KA14_H,2,374700,0,Success,Shopee.vn
501098,2023-05-17,KB20_X,1,399589,20000,Success,Tiktok Shop
501099,2023-05-18,KM11_Y,1,420934,20000,Success,Website
501100,2023-05-18,KN17_D,2,471952,20000,Success,Tiktok Shop
501101,2023-05-18,KS05_T,1,456300,0,Shipping,Shopee.vn
501102,2023-05-18,KM11_Y,2,460114,20000,Success,Facebook
501103,2023-05-18,KA14_H,1,413656,0,Returning,Tiktok Shop
501104,2023-05-18,KA14_H,3,524673,20000,Success,Shopee.vn
501105,2023-05-19,KB20_X,2,353174,0,Success,Lazada.vn
501106,2023-05-19,KB20_X,1,536493,50000,Success,Lazada.vn
501107,2023-05-19,KN17_D,3,567070,0,Success,Website
501108,2023-05-19,KS05_T,3,493933,20000,Shipping,Tiktok Shop
501109,2023-05-19,KA14_H,2,538545,20000,Success,Facebook
501110,2023-05-19,KS05_T,3,405739,0,Success,Lazada.vn
501111,2023-05-19,KS05_T,3,417657,0,Success,Tiktok Shop
501112,2023-05-19,KM11_Y,2,354136,0,Success,Shopee.vn
501113,2023-05-19,KS05_T,1,551528,0,Success,Website
501114,2023-05-20,KS05_T,1,511040,0,Success,Lazada.vn
501115,2023-05-20,KN17_D,1,549316,0,Shipping,Lazada.vn
501116,2023-05-20,KM11_Y,1,450625,0,Success,Facebook
501117,2023-05-20,KM11_Y,2,482624,0,Shipping,Facebook
501118,2023-05-20,KB20_X,2,586538,50000,Success,Tiktok Shop
501119,2023-05-20,KB20_X,1,427004,20000,Success,Website
501120,2023-05-20,KM11_Y,3,387394,0,Returning,Shopee.vn
501121,2023-05-20,KA14_H,2,488925,50000,Success,Facebook
501122,2023-05-20,KN17_D,2,544528,0,Success,Website
501123,2023-05-20,KS05_T,1,599527,20000,Shipping,Shopee.vn
501124,2023-05-21,KA14_H,3,566775,50000,Shipping,Website
501125,2023-05-21,KM11_Y,2,495213,0,Success,Lazada.vn
501126,2023-05-21,KA14_H,1,485654,50000,Success,Website
501127,2023-05-21,KS05_T,2,528986,0,Success,Shopee.vn
501128,2023-05-21,KA14_H,1,596060,50000,Success,Website
501129,2023-05-21,KB20_X,1,460489,20000,Success,Website
501130,2023-05-21,KS05_T,2,457051,0,Shipping,Lazada.vn
501131,2023-05-21,KB20_X,2,545220,50000,Success,Lazada.vn
501132,2023-05-21,KA14_H,1,569222,20000,Success,Shopee.vn
501133,2023-05-21,KB20_X,2,381315,50000,Shipping,Tiktok Shop
501134,2023-05-21,KB20_X,2,441647,50000,Success,Tiktok Shop
501135,2023-05-22,KB20_X,1,571421,0,Success,Website
501136,2023-05-22,KA14_H,3,445965,0,Success,Tiktok Shop
501137,2023-05-22,KB20_X,3,463204,20000,Success,Tiktok Shop
501138,2023-05-22,KM11_Y,3,399294,50000,Shipping,Facebook
501139,2023-05-22,KM11_Y,1,465720,20000,Success,Shopee.vn
501140,2023-05-22,KA14_H,1,479863,0,Shipping,Lazada.vn
501141,2023-05-23,KN17_D,3,591165,20000,Shipping,Website
501142,2023-05-23,KB20_X,3,582685,0,Success,Lazada.vn
501143,2023-05-23,KS05_T,1,441074,0,Shipping,Shopee.vn
501144,2023-05-23,KB20_X,3,475865,0,Shipping,Facebook
501145,2023-05-23,KS05_T,2,483316,20000,Returning,Shopee.vn
501146,2023-05-23,KA14_H,2,383541,50000,Success,Tiktok Shop
501147,2023-05-23,KS05_T,3,520635,0,Success,Lazada.vn
501148,2023-05-23,KN17_D,1,547347,0,Shipping,Website
501149,2023-05-23,KM11_Y,2,469243,0,Success,Lazada.vn
501150,2023-05-24,KM11_Y,2,424205,20000,Shipping,Shopee.vn
501151,2023-05-24,KS05_T,2,396501,0,Success,Website
501152,2023-05-24,KB20_X,2,365734,0,Success,Shopee.vn
501153,2023-05-24,KN17_D,2,595029,50000,Success,Facebook
501154,2023-05-24,KM11_Y,1,511149,20000,Success,Tiktok Shop
501155,2023-05-24,KA14_H,1,481827,50000,Shipping,Lazada.vn
501156,2023-05-24,KN17_D,2,472989,0,Shipping,Lazada.vn
501157,2023-05-24,KA14_H,1,387706,20000,Success,Website
501158,2023-05-24,KM11_Y,3,549231,20000,Success,Facebook
501159,2023-05-25,KA14_H,3,438992,0,Success,Tiktok Shop
501160,2023-05-25,KN17_D,2,373548,0,Success,Facebook
501161,2023-05-25,KB20_X,1,381625,20000,Shipping,Tiktok Shop
501162,2023-05-25,KA14_H,2,365577,50000,Success,Facebook
501163,2023-05-25,KS05_T,2,492226,0,Success,Tiktok Shop
501164,2023-05-25,KA14_H,3,396330,0,Success,Website
501165,2023-05-26,KM11_Y,1,515767,0,Returning,Facebook
501166,2023-05-26,KA14_H,2,508901,0,Success,Tiktok Shop
501167,2023-05-26,KA14_H,3,397801,0,Shipping,Lazada.vn
501168,2023-05-26,KN17_D,2,491900,0,Success,Lazada.vn
501169,2023-05-26,KM11_Y,3,395337,0,Success,Website
501170,2023-05-26,KS05_T,3,418580,0,Success,Lazada.vn
501171,2023-05-27,KM11_Y,1,355812,0,Success,Lazada.vn
501172,2023-05-27,KB20_X,3,358446,20000,Success,Facebook
501173,2023-05-27,KS05_T,3,587163,0,Returning,Facebook
501174,2023-05-27,KM11_Y,1,389148,0,Returning,Facebook
501175,2023-05-27,KN17_D,2,428012,20000,Success,Facebook
501176,2023-05-27,KA14_H,1,561243,50000,Success,Shopee.vn
501177,2023-05-27,KB20_X,1,491835,0,Returning,Website
501178,2023-05-27,KN17_D,1,508177,0,Success,Lazada.vn
501179,2023-05-28,KA14_H,2,553850,0,Success,Facebook
501180,2023-05-28,KS05_T,3,361831,0,Shipping,Tiktok Shop
501181,2023-05-28,KA14_H,3,454824,20000,Shipping,Facebook
501182,2023-05-28,KM11_Y,3,387045,20000,Success,Website
501183,2023-05-28,KA14_H,1,369403,0,Shipping,Tiktok Shop
501184,2023-05-28,KS05_T,1,523364,0,Shipping,Shopee.vn
501185,2023-05-28,KA14_H,1,515837,50000,Success,Facebook
501186,2023-05-28,KA14_H,3,377675,0,Returning,Website
501187,2023-05-28,KM11_Y,2,369177,0,Success,Lazada.vn
501188,2023-05-29,KN17_D,3,486023,20000,Success,Lazada.vn
501189,2023-05-29,KS05_T,2,372821,20000,Success,Shopee.vn
501190,2023-05-29,KN17_D,1,481907,20000,Success,Shopee.vn
501191,2023-05-29,KN17_D,3,578961,20000,Returning,Website
501192,2023-05-29,KA14_H,1,410782,0,Shipping,Website
501193,2023-05-30,KB20_X,2,484563,20000,Success,Lazada.vn
501194,2023-05-30,KS05_T,2,479526,50000,Success,Facebook
501195,2023-05-30,KB20_X,3,570203,20000,Success,Facebook
501196,2023-05-30,KB20_X,3,393158,50000,Success,Facebook
501197,2023-05-30,KS05_T,2,507732,0,Success,Facebook
501198,2023-05-30,KA14_H,2,534381,50000,Success,Website
501199,2023-05-30,KN17_D,1,570459,20000,Success,Facebook
501200,2023-05-30,KB20_X,3,538961,0,Success,Lazada.vn
501201,2023-05-30,KA14_H,1,460540,20000,Shipping,Lazada.vn
501202,2023-05-30,KA14_H,2,423690,50000,Shipping,Facebook
501203,2023-05-31,KB20_X,1,460310,0,Success,Facebook
501204,2023-05-31,KS05_T,1,351168,0,Success,Website
501205,2023-05-31,KM11_Y,2,472026,20000,Success,Lazada.vn
501206,2023-05-31,KS05_T,1,560765,50000,Shipping,Facebook
501207,2023-05-31,KN17_D,1,583251,0,Success,Shopee.vn
501208,2023-06-01,KA14_H,3,429380,50000,Returning,Website
501209,2023-06-01,KB20_X,2,383461,0,Returning,Facebook
501210,2023-06-01,KA14_H,3,429557,0,Success,Shopee.vn
501211,2023-06-01,KS05_T,1,498866,0,Success,Shopee.vn
501212,2023-06-01,KN17_D,1,559534,0,Success,Website
501213,2023-06-02,KB20_X,1,575121,0,Success,Tiktok Shop
501214,2023-06-02,KM11_Y,1,453920,20000,Shipping,Facebook
501215,2023-06-02,KA14_H,3,372738,50000,Success,Lazada.vn
501216,2023-06-02,KA14_H,3,365123,0,Success,Lazada.vn
501217,2023-06-02,KB20_X,3,376128,0,Returning,Facebook
501218,2023-06-02,KN17_D,3,552278,50000,Success,Website
501219,2023-06-02,KS05_T,1,357837,50000,Shipping,Facebook
501220,2023-06-02,KS05_T,3,597447,0,Success,Lazada.vn
501221,2023-06-03,KN17_D,2,358720,0,Shipping,Tiktok Shop
501222,2023-06-03,KS05_T,1,500862,50000,Success,Website
501223,2023-06-03,KB20_X,1,399570,0,Shipping,Facebook
501224,2023-06-03,KB20_X,1,369156,0,Shipping,Lazada.vn
501225,2023-06-03,KN17_D,3,543631,0,Success,Lazada.vn
501226,2023-06-04,KN17_D,2,562986,20000,Shipping,Lazada.vn
501227,2023-06-04,KB20_X,2,548110,0,Success,Website
501228,2023-06-04,KA14_H,2,495338,20000,Success,Shopee.vn
501229,2023-06-04,KN17_D,3,401588,0,Success,Website
501230,2023-06-04,KB20_X,1,500939,50000,Success,Website
501231,2023-06-04,KM11_Y,2,468070,50000,Shipping,Shopee.vn
501232,2023-06-04,KS05_T,3,437736,20000,Success,Facebook
501233,2023-06-04,KB20_X,2,442969,0,Shipping,Lazada.vn
501234,2023-06-04,KA14_H,2,504062,0,Success,Shopee.vn
501235,2023-06-04,KB20_X,3,383085,0,Shipping,Website
501236,2023-06-05,KA14_H,2,464161,0,Returning,Tiktok Shop
501237,2023-06-05,KA14_H,3,433021,0,Shipping,Lazada.vn
501238,2023-06-05,KN17_D,3,565253,0,Returning,Tiktok Shop
501239,2023-06-05,KM11_Y,1,539103,0,Success,Lazada.vn
501240,2023-06-05,KB20_X,2,586774,50000,Success,Tiktok Shop
501241,2023-06-05,KM11_Y,2,378552,20000,Success,Facebook
501242,2023-06-05,KB20_X,3,396562,20000,Success,Facebook
501243,2023-06-06,KN17_D,3,484199,50000,Success,Facebook
501244,2023-06-06,KB20_X,2,416381,0,Success,Shopee.vn
501245,2023-06-06,KB20_X,1,579730,0,Shipping,Shopee.vn
501246,2023-06-06,KM11_Y,2,494179,50000,Success,Lazada.vn
501247,2023-06-06,KN17_D,3,473714,20000,Shipping,Website
501248,2023-06-06,KM11_Y,3,361814,0,Success,Facebook
501249,2023-06-06,KM11_Y,1,420601,0,Success,Facebook
501250,2023-06-06,KN17_D,3,468647,0,Success,Facebook
501251,2023-06-06,KA14_H,2,535459,0,Success,Tiktok Shop
501252,2023-06-06,KM11_Y,3,599836,0,Returning,Website
501253,2023-06-07,KA14_H,2,364799,0,Success,Shopee.vn
501254,2023-06-07,KM11_Y,3,524405,0,Success,Lazada.vn
501255,2023-06-07,KB20_X,1,566398,50000,Success,Facebook
501256,2023-06-07,KS05_T,1,566853,0,Success,Lazada.vn
501257,2023-06-07,KM11_Y,1,423181,20000,Success,Lazada.vn
501258,2023-06-08,KA14_H,3,582111,50000,Shipping,Shopee.vn
501259,2023-06-08,KN17_D,2,574923,0,Success,Shopee.vn
501260,2023-06-08,KN17_D,1,435366,50000,Shipping,Facebook
501261,2023-06-08,KB20_X,1,446090,0,Success,Tiktok Shop
501262,2023-06-08,KA14_H,3,527577,20000,Success,Facebook
501263,2023-06-08,KB20_X,2,386404,20000,Success,Tiktok Shop
501264,2023-06-08,KS05_T,1,575461,0,Success,Website
501265,2023-06-08,KN17_D,1,385187,20000,Success,Lazada.vn
501266,2023-06-08,KN17_D,3,557840,0,Success,Lazada.vn
501267,2023-06-08,KN17_D,3,543646,0,Shipping,Tiktok Shop
501268,2023-06-08,KN17_D,3,468171,20000,Shipping,Tiktok Shop
501269,2023-06-09,KB20_X,3,426478,20000,Success,Website
501270,2023-06-09,KM11_Y,2,555380,0,Success,Website
501271,2023-06-09,KM11_Y,3,495417,0,Success,Facebook
501272,2023-06-09,KS05_T,3,496245,50000,Success,Lazada.vn
501273,2023-06-09,KM11_Y,2,593929,0,Shipping,Lazada.vn
501274,2023-06-09,KB20_X,2,589175,0,Success,Tiktok Shop
501275,2023-06-09,KS05_T,1,538674,50000,Shipping,Facebook
501276,2023-06-09,KN17_D,1,472689,0,Shipping,Lazada.vn
501277,2023-06-09,KA14_H,2,505642,0,Shipping,Tiktok Shop
501278,2023-06-09,KS05_T,1,476150,50000,Success,Tiktok Shop
501279,2023-06-10,KM11_Y,2,525405,20000,Success,Facebook
501280,2023-06-10,KS05_T,3,398733,0,Shipping,Website
501281,2023-06-10,KB20_X,1,541349,0,Success,Shopee.vn
501282,2023-06-10,KM11_Y,2,583883,50000,Success,Facebook
501283,2023-06-10,KS05_T,1,371576,0,Success,Facebook
501284,2023-06-10,KA14_H,1,466528,20000,Shipping,Facebook
501285,2023-06-10,KM11_Y,2,394678,0,Success,Tiktok Shop
501286,2023-06-10,KA14_H,2,467569,0,Shipping,Tiktok Shop
501287,2023-06-10,KS05_T,3,569977,0,Success,Facebook
501288,2023-06-10,KN17_D,2,440748,0,Success,Lazada.vn
501289,2023-06-11,KA14_H,2,550278,0,Success,Facebook
501290,2023-06-11,KB20_X,3,567623,50000,Success,Shopee.vn
501291,2023-06-11,KS05_T,3,454320,0,Success,Shopee.vn
501292,2023-06-11,KN17_D,2,504422,20000,Success,Website
501293,2023-06-11,KM11_Y,2,582268,0,Success,Lazada.vn
501294,2023-06-11,KN17_D,3,581376,20000,Success,Shopee.vn
501295,2023-06-12,KN17_D,1,374398,0,Success,Tiktok Shop
501296,2023-06-12,KM11_Y,3,413884,0,Success,Lazada.vn
501297,2023-06-12,KS05_T,2,458721,20000,Shipping,Tiktok Shop
501298,2023-06-12,KB20_X,3,450400,0,Success,Lazada.vn
501299,2023-06-12,KS05_T,3,557302,50000,Returning,Lazada.vn
501300,2023-06-12,KM11_Y,1,402224,50000,Success,Website
501301,2023-06-13,KS05_T,2,418178,0,Success,Tiktok Shop
501302,2023-06-13,KN17_D,1,519331,0,Success,Website
501303,2023-06-13,KB20_X,1,423169,0,Success,Lazada.vn
501304,2023-06-13,KA14_H,1,527763,50000,Success,Facebook
501305,2023-06-13,KA14_H,1,412224,50000,Success,Tiktok Shop
501306,2023-06-14,KS05_T,1,405809,50000,Success,Tiktok Shop
501307,2023-06-14,KS05_T,3,435945,20000,Success,Tiktok Shop
501308,2023-06-14,KB20_X,2,498210,0,Shipping,Facebook
501309,2023-06-14,KA14_H,1,470198,0,Success,Tiktok Shop
501310,2023-06-14,KM11_Y,1,424233,0,Success,Tiktok Shop
501311,2023-06-15,KM11_Y,1,407705,0,Success,Website
501312,2023-06-15,KB20_X,2,577336,0,Returning,Facebook
501313,2023-06-15,KA14_H,2,502472,20000,Success,Lazada.vn
501314,2023-06-15,KM11_Y,3,419468,50000,Success,Shopee.vn
501315,2023-06-15,KS05_T,3,547327,20000,Success,Tiktok Shop
501316,2023-06-16,KA14_H,2,376028,0,Returning,Website
501317,2023-06-16,KA14_H,1,414824,0,Success,Shopee.vn
501318,2023-06-16,KB20_X,1,518455,50000,Shipping,Facebook
501319,2023-06-16,KM11_Y,3,387420,0,Success,Shopee.vn
501320,2023-06-16,KN17_D,2,384929,50000,Shipping,Lazada.vn
501321,2023-06-16,KS05_T,1,427597,0,Success,Tiktok Shop
501322,2023-06-17,KB20_X,1,525794,0,Returning,Tiktok Shop
501323,2023-06-17,KS05_T,2,351468,0,Success,Website
501324,2023-06-17,KA14_H,2,554620,0,Success,Lazada.vn
501325,2023-06-17,KB20_X,2,350767,50000,Success,Shopee.vn
501326,2023-06-17,KA14_H,1,495693,20000,Success,Tiktok Shop
501327,2023-06-17,KM11_Y,3,548681,0,Shipping,Facebook
501328,2023-06-17,KN17_D,2,480864,0,Shipping,Website
501329,2023-06-17,KA14_H,3,409238,0,Success,Facebook
501330,2023-06-17,KB20_X,2,534875,0,Success,Lazada.vn
501331,2023-06-17,KN17_D,3,467116,50000,Success,Lazada.vn
501332,2023-06-18,KS05_T,3,431171,50000,Shipping,Facebook
501333,2023-06-18,KN17_D,3,591535,50000,Success,Tiktok Shop
501334,2023-06-18,KA14_H,3,399853,20000,Success,Lazada.vn
501335,2023-06-18,KM11_Y,3,439787,0,Success,Facebook
501336,2023-06-18,KN17_D,1,555166,50000,Shipping,Lazada.vn
501337,2023-06-19,KM11_Y,2,520715,0,Shipping,Lazada.vn
501338,2023-06-19,KM11_Y,2,516862,0,Success,Tiktok Shop
501339,2023-06-19,KS05_T,3,493377,0,Success,Lazada.vn
501340,2023-06-19,KM11_Y,3,369360,0,Success,Shopee.vn
501341,2023-06-19,KA14_H,1,356789,0,Returning,Lazada.vn
501342,2023-06-19,KA14_H,3,355544,50000,Success,Shopee.vn
501343,2023-06-19,KM11_Y,2,552821,0,Success,Lazada.vn
501344,2023-06-19,KB20_X,3,353981,0,Shipping,Lazada.vn
501345,2023-06-20,KM11_Y,1,503832,0,Shipping,Tiktok Shop
501346,2023-06-20,KS05_T,3,516963,0,Shipping,Lazada.vn
501347,2023-06-20,KN17_D,2,518993,20000,Success,Lazada.vn
501348,2023-06-20,KN17_D,2,573990,50000,Success,Tiktok Shop
501349,2023-06-20,KN17_D,2,420246,0,Success,Facebook
501350,2023-06-21,KN17_D,1,487821,50000,Shipping,Tiktok Shop
501351,2023-06-21,KB20_X,3,433996,0,Success,Shopee.vn
501352,2023-06-21,KA14_H,1,596956,50000,Returning,Tiktok Shop
501353,2023-06-21,KB20_X,3,490790,0,Success,Tiktok Shop
501354,2023-06-21,KB20_X,3,397657,0,Success,Lazada.vn
501355,2023-06-21,KS05_T,3,375345,50000,Success,Tiktok Shop
501356,2023-06-21,KA14_H,1,469289,0,Shipping,Shopee.vn
501357,2023-06-22,KN17_D,2,430729,0,Success,Facebook
501358,2023-06-22,KS05_T,1,466116,20000,Returning,Website
501359,2023-06-22,KB20_X,1,547648,20000,Success,Lazada.vn
501360,2023-06-22,KB20_X,3,497531,20000,Shipping,Facebook
501361,2023-06-22,KS05_T,1,567354,0,Success,Shopee.vn
501362,2023-06-22,KA14_H,3,555472,20000,Success,Facebook
501363,2023-06-22,KN17_D,3,374074,20000,Success,Shopee.vn
501364,2023-06-22,KN17_D,3,406321,20000,Success,Lazada.vn
501365,2023-06-22,KM11_Y,1,579716,0,Shipping,Facebook
501366,2023-06-23,KB20_X,2,490824,0,Shipping,Lazada.vn
501367,2023-06-23,KS05_T,1,437362,0,Success,Facebook
501368,2023-06-23,KM11_Y,3,427707,50000,Success,Tiktok Shop
501369,2023-06-23,KN17_D,2,446516,0,Success,Facebook
501370,2023-06-23,KS05_T,3,363237,20000,Success,Website
501371,2023-06-23,KM11_Y,2,594896,50000,Success,Website
501372,2023-06-23,KB20_X,2,586403,50000,Success,Lazada.vn
501373,2023-06-23,KS05_T,2,364591,50000,Shipping,Website
501374,2023-06-23,KS05_T,2,569606,50000,Success,Website
501375,2023-06-23,KN17_D,2,515390,50000,Success,Facebook
501376,2023-06-24,KS05_T,2,439367,0,Success,Website
501377,2023-06-24,KA14_H,1,501611,20000,Success,Lazada.vn
501378,2023-06-24,KA14_H,1,427462,0,Success,Shopee.vn
501379,2023-06-24,KS05_T,1,439876,0,Success,Tiktok Shop
501380,2023-06-24,KS05_T,2,540861,0,Success,Tiktok Shop
501381,2023-06-24,KM11_Y,3,453863,0,Shipping,Shopee.vn
501382,2023-06-24,KA14_H,1,555728,50000,Success,Shopee.vn
501383,2023-06-24,KN17_D,3,444533,20000,Success,Lazada.vn
501384,2023-06-24,KB20_X,1,390643,0,Success,Facebook
501385,2023-06-24,KN17_D,3,552127,0,Success,Shopee.vn
501386,2023-06-25,KN17_D,2,425791,50000,Success,Tiktok Shop
501387,2023-06-25,KS05_T,1,361953,20000,Success,Shopee.vn
501388,2023-06-25,KS05_T,2,354055,20000,Shipping,Lazada.vn
501389,2023-06-25,KS05_T,1,485996,0,Success,Shopee.vn
501390,2023-06-25,KS05_T,1,449525,0,Shipping,Facebook
501391,2023-06-25,KA14_H,1,415421,0,Shipping,Lazada.vn
501392,2023-06-25,KN17_D,3,565657,50000,Success,Website
501393,2023-06-25,KA14_H,1,454126,0,Shipping,Tiktok Shop
501394,2023-06-25,KB20_X,2,468637,0,Returning,Shopee.vn
501395,2023-06-25,KB20_X,3,567407,50000,Success,Lazada.vn
501396,2023-06-25,KN17_D,2,467595,20000,Success,Tiktok Shop
501397,2023-06-26,KS05_T,3,442259,0,Success,Website
501398,2023-06-26,KN17_D,1,475604,20000,Shipping,Tiktok Shop
501399,2023-06-26,KA14_H,2,403331,20000,Success,Lazada.vn
501400,2023-06-26,KN17_D,2,393890,20000,Success,Lazada.vn
501401,2023-06-26,KN17_D,1,457658,0,Shipping,Lazada.vn
501402,2023-06-26,KA14_H,3,555704,20000,Success,Website
501403,2023-06-26,KB20_X,3,478692,20000,Success,Website
501404,2023-06-26,KN17_D,3,579144,0,Shipping,Tiktok Shop
501405,2023-06-26,KM11_Y,2,367558,0,Shipping,Website
501406,2023-06-26,KS05_T,1,568530,0,Success,Lazada.vn
501407,2023-06-26,KS05_T,3,533024,50000,Success,Lazada.vn
501408,2023-06-27,KN17_D,1,581233,0,Shipping,Facebook
501409,2023-06-27,KS05_T,3,499725,50000,Success,Shopee.vn
501410,2023-06-27,KN17_D,2,586826,0,Success,Lazada.vn
501411,2023-06-27,KN17_D,2,473637,50000,Success,Website
501412,2023-06-27,KB20_X,1,547994,50000,Success,Facebook
501413,2023-06-27,KA14_H,3,554245,0,Success,Facebook
501414,2023-06-27,KA14_H,3,583169,0,Success,Lazada.vn
501415,2023-06-27,KM11_Y,1,480503,50000,Success,Facebook
501416,2023-06-27,KS05_T,1,485453,50000,Success,Lazada.vn
501417,2023-06-27,KS05_T,1,576017,20000,Shipping,Website
501418,2023-06-28,KB20_X,3,490749,0,Success,Website
501419,2023-06-28,KA14_H,2,400539,50000,Success,Website
501420,2023-06-28,KM11_Y,3,363163,20000,Success,Lazada.vn
501421,2023-06-28,KB20_X,3,556063,50000,Success,Tiktok Shop
501422,2023-06-28,KM11_Y,3,352413,0,Success,Lazada.vn
501423,2023-06-28,KS05_T,3,464897,0,Success,Lazada.vn
501424,2023-06-28,KS05_T,2,415131,0,Success,Tiktok Shop
501425,2023-06-28,KA14_H,3,436339,20000,Success,Website
501426,2023-06-28,KM11_Y,3,558878,0,Success,Lazada.vn
501427,2023-06-28,KN17_D,2,486213,20000,Success,Lazada.vn
501428,2023-06-28,KN17_D,2,397819,0,Shipping,Tiktok Shop
501429,2023-06-29,KM11_Y,3,484365,0,Returning,Lazada.vn
501430,2023-06-29,KM11_Y,1,478713,0,Returning,Facebook
501431,2023-06-29,KB20_X,1,575902,0,Success,Facebook
501432,2023-06-29,KN17_D,3,372784,20000,Success,Facebook
501433,2023-06-29,KS05_T,2,365111,0,Success,Shopee.vn
501434,2023-06-29,KN17_D,2,531446,20000,Success,Website
501435,2023-06-29,KA14_H,1,488562,50000,Success,Lazada.vn
501436,2023-06-29,KN17_D,3,509978,20000,Shipping,Facebook
